0,uc003zey.3,TMED10P1,38
1,uc003zfb.4,ZNF252P-AS1,1
2,uc003zfc.4,C8orf33,47
3,uc011llp.1,DDX11L5,16
4,uc010mgm.1,WASH1,35
5,uc003zfv.3,FAM138C,85
6,uc003zfx.3,AY343892,1
7,uc003zfy.3,AY343902,1
8,uc003zfz.4,FOXD4,62
9,uc003zga.4,CBWD1,88
10,uc003zge.4,C9orf66,10
11,uc003zgf.2,DOCK8,32
12,uc003zgn.2,KANK1,29
13,uc003zgv.3,DMRT1,16
14,uc003zgw.2,DMRT3,33
15,uc022bcv.1,U6,2
16,uc003zha.3,DMRT2,56
17,uc003zhc.3,SMARCA2,32
18,uc003zhi.2,FLJ35024,1
19,uc003zhh.1,FLJ35024,1
20,uc003zhk.1,VLDLR,46
21,uc003zho.2,KCNV2,26
22,uc003zhp.1,KIAA0020,42
23,uc022bcx.1,Mir_548,1
24,uc003zhr.3,RFX3,29
25,uc003zhu.3,BC069756,1
26,uc003zhx.1,GLIS3,17
27,uc003zia.3,GLIS3-AS1,15
28,uc022bcy.1,Mir_320,38
29,uc003zij.2,SLC1A1,36
30,uc011llz.2,SPATA6L,23
31,uc003zin.4,PPAPDC2,30
32,uc003zio.3,CDC37L1,38
33,uc003ziq.2,AK3,27
34,uc003zis.2,RCL1,27
35,uc003ziu.1,MIR101-2,34
36,uc003ziw.3,JAK2,42
37,uc022bdb.1,TRNA_Gln,0
38,uc003zix.3,INSL6,49
39,uc003ziy.3,INSL4,25
40,uc003zja.2,RLN2,45
41,uc003zjb.2,RLN1,54
42,uc003zjc.3,PLGRKT,23
43,uc003zje.3,CD274,27
44,uc003zjg.4,PDCD1LG2,33
45,uc003zji.4,KIAA1432,49
46,uc003zjm.1,ERMP1,40
47,uc003zjo.1,MLANA,27
48,uc003zjq.4,KIAA2026,106
49,uc022bde.1,MIR4665,4
50,uc003zjr.3,RANBP6,87
51,uc003zjt.3,IL33,26
52,uc003zjw.3,TPD52L3,31
53,uc003zjy.3,UHRF2,36
54,uc003zkc.3,GLDC,38
55,uc003zkh.3,KDM4C,29
56,uc022bdg.1,DQ580140,50
57,uc022bdh.1,Mir_584,0
58,uc003zkj.3,C9orf123,17
59,uc003zkk.3,PTPRD,25
60,uc003zku.1,AK094342,1
61,uc022bdk.1,SNORD27,0
62,uc022bdl.1,Metazoa_SRP,1
63,uc022bdm.1,JB175300,0
64,uc003zkv.4,TYRP1,31
65,uc003zkw.3,LURAP1L,46
66,uc003zlb.4,MPDZ,58
67,uc003zlc.2,FLJ41200,1
68,uc022bdn.1,LINC00583,22
69,uc003zlf.3,NFIB,33
70,uc022bdq.1,TRNA,0
71,uc003zlg.2,ZDHHC21,29
72,uc003zlh.2,ZDHHC21,32
73,uc003zlj.3,CER1,37
74,uc003zlm.3,FREM1,61
75,uc003zln.1,AK127963,37
76,uc010mid.1,LOC389705,30
77,uc003zlo.1,AK021570,2
78,uc003zlr.2,TTC39B,31
79,uc003zlt.3,SNAPC3,51
80,uc003zlw.4,PSIP1,52
81,uc003zmd.3,CCDC171,34
82,uc003zmg.3,BC042022,2
83,uc031tcu.1,C9orf92,14
84,uc003zmh.1,BX648501,1
85,uc003zml.3,BNC2,24
86,uc003zmy.3,CNTLN,41
87,uc003zna.3,SH3GL2,24
88,uc003zne.4,ADAMTSL1,32
89,uc022bds.1,MIR3152,2
90,uc022bdt.1,7SK,1
91,uc003zni.2,FAM154A,26
92,uc003znj.3,RRAGA,46
93,uc003znk.4,HAUS6,39
94,uc003znn.1,SCARNA8,61
95,uc003zno.3,PLIN2,56
96,uc003znp.1,AK094196,1
97,uc022bdw.1,DQ572382,21
98,uc031tcw.1,DENND4C,51
99,uc003znv.1,RPS6,45
100,uc022bdx.1,TRNA_Met,0
101,uc003zny.1,ACER2,33
102,uc003zoa.2,SLC24A2,27
103,uc003zoe.2,MLLT3,30
104,uc022bdy.1,MIR4473,0
105,uc022bdz.1,U4,1
106,uc022bea.1,MIR4474,0
107,uc003zog.1,FOCAD,34
108,uc022beb.1,MIR491,42
109,uc022bec.1,SNORA30,13
110,uc010mir.1,PTPLAD2,40
111,uc003zok.3,IFNB1,80
112,uc003zol.1,IFNW1,59
113,uc003zom.2,IFNA21,129
114,uc003zon.2,IFNA4,131
115,uc003zop.1,IFNA7,130
116,uc003zoq.1,IFNA10,139
117,uc003zor.1,IFNA16,121
118,uc003zos.1,IFNA17,132
119,uc010mis.3,IFNA14,150
120,uc003zou.1,IFNA22P,97
121,uc011lnh.2,IFNA5,130
122,uc003zoy.3,KLHL9,90
123,uc011lni.2,IFNA6,145
124,uc003zpa.2,IFNA13,156
125,uc003zpb.3,IFNA2,102
126,uc003zpc.1,IFNA8,106
127,uc003zpd.2,IFNA1,137
128,uc003zpe.2,MIR31HG,40
129,uc003zpg.3,IFNE,79
130,uc011lnj.2,MIR31,53
131,uc003zph.3,MTAP,36
132,uc011lnm.3,C9orf53,6
133,uc003zpk.3,CDKN2A,42
134,uc003zpl.3,CDKN2A,34
135,uc022bem.1,CDKN2B-AS1,22
136,uc003zpo.3,CDKN2B,6
137,uc022bep.1,Mir_384,0
138,uc022beq.1,CDKN2B_AS,1
139,uc003zpp.1,DMRTA1,51
140,uc003zpq.1,FLJ35282,20
141,uc003zpr.3,CR627240,1
142,uc003zpu.3,ELAVL2,41
143,uc031tdf.1,Hel-N1,108
144,uc031tdg.1,IZUMO3,48
145,uc022ber.1,JA375049,0
146,uc022bes.1,JA374875,1
147,uc003zpx.3,TUSC1,2
148,uc003zpy.3,BC043546,1
149,uc022bet.1,JA374875,0
150,uc022beu.1,LOC100506422,29
151,uc003zpz.1,DQ598339,0
152,uc031tdh.1,DQ591605,0
153,uc003zqa.1,DQ574229,2
154,uc031tdi.1,DQ599043,0
155,uc031tdj.1,DQ586829,2
156,uc022bev.1,DQ571132,0
157,uc022bew.1,DQ582785,1
158,uc003zqc.3,CAAP1,34
159,uc003zqd.3,PLAA,44
160,uc003zqg.4,IFT74,36
161,uc003zqh.3,LRRC19,42
162,uc003zqi.4,TEK,35
163,uc022bex.1,5S_rRNA,0
164,uc010mjd.2,LINC00032,2
165,uc003zql.3,EQTN,34
166,uc003zqn.3,MOB3B,27
167,uc003zqo.2,AK172755,33
168,uc022bey.1,Mir_544,0
169,uc003zqp.3,IFNK,82
170,uc003zqq.3,C9orf72,32
171,uc022bfb.1,Mir_544,0
172,uc003zqt.3,BX538226,2
173,uc003zqu.2,LINGO2,19
174,uc022bfd.1,MIR876,22
175,uc022bfe.1,MIR873,14
176,uc031tdk.1,LOC401497,1
177,uc003zqw.4,ACO1,37
178,uc003zqz.1,AX747756,1
179,uc003zra.3,DDX58,35
180,uc003zrb.3,TOPORS,106
181,uc022bff.2,TOPORS-AS1,2
182,uc003zre.2,NDUFB6,29
183,uc003zrg.1,TAF1L,106
184,uc003zrh.1,AX747113,101
185,uc003zri.4,TMEM215,34
186,uc003zry.3,APTX,37
187,uc003zsd.1,DNAJA1,46
188,uc022bfk.1,Mir_207,0
189,uc003zsf.1,SMU1,33
190,uc003zsg.2,B4GALT1,20
191,uc022bfl.1,U4atac,0
192,uc003zsh.3,SPINK4,16
193,uc003zsj.3,BAG1,28
194,uc003zsm.4,CHMP5,28
195,uc003zsq.3,NFX1,38
196,uc003zst.3,AQP7,58
197,uc003zsx.3,AQP3,48
198,uc003zsz.3,NOL6,42
199,uc022bfm.1,SUGT1P1,40
200,uc010mjw.2,ANKRD18B,58
201,uc003ztd.1,DQ587539,0
202,uc003zte.1,DQ590589,0
203,uc022bfn.1,DQ590442,0
204,uc022bfo.1,DQ596206,0
205,uc010mjx.3,ANXA2P2,38
206,uc022bfp.1,DJ439583,28
207,uc022bfq.1,DJ439557,43
208,uc022bfr.1,DJ439530,35
209,uc022bfs.1,DJ439561,18
210,uc022bft.1,DQ571524,0
211,uc003zth.4,PTENP1,81
212,uc003ztj.4,PRSS3,58
213,uc003ztm.3,UBE2R2,23
214,uc003ztq.1,UBAP2,34
215,uc010mjz.3,SNORD121A,0
216,uc003ztt.2,DCAF12,28
217,uc022bfv.1,DQ587955,2
218,uc022bfw.1,DQ597117,0
219,uc003ztu.2,DQ594696,18
220,uc003ztv.1,DQ585850,19
221,uc022bfx.1,DQ574810,14
222,uc011loj.2,UBAP1,32
223,uc003zua.4,KIF24,64
224,uc022bga.1,NUDT2,36
225,uc003zue.4,KIAA1161,15
226,uc003zuh.1,C9orf24,24
227,uc011lok.2,FAM219A,24
228,uc003zum.3,DNAI1,32
229,uc022bge.1,7SK,1
230,uc003zun.1,ENHO,8
231,uc003zuq.2,CNTFR,8
232,uc003zur.2,LOC415056,2
233,uc003zuv.3,RPP25L,25
234,uc003zux.1,DCTN3,35
235,uc011lon.2,ARID3C,22
236,uc003zvb.3,SIGMAR1,10
237,uc003zve.4,GALT,48
238,uc011loq.3,IL11RA,27
239,uc003zvm.1,CCL27,40
240,uc003zvn.3,CCL19,20
241,uc003zvo.4,CCL21,25
242,uc011lor.2,FAM205A,55
243,uc003zvp.4,FAM205B,58
244,uc003zvr.3,KIAA1045,32
245,uc003zvs.4,DNAJB5,52
246,uc003zvw.3,C9orf131,98
247,uc022bgi.1,Metazoa_SRP,1
248,uc003zvy.2,VCP,52
249,uc003zwb.1,FANCG,52
250,uc003zwd.3,PIGO,31
251,uc003zwi.3,STOML2,62
252,uc003zwo.3,FAM214B,21
253,uc003zwq.3,UNC13B,33
254,uc010mkn.2,ATP8B5P,31
255,uc003zwv.1,DQ580826,0
256,uc003zww.3,RUSC2,31
257,uc010mkr.3,FAM166B,25
258,uc003zxa.3,TESK1,33
259,uc022bgk.2,MIR4667,24
260,uc003zxb.2,CD72,43
261,uc003zxe.1,SIT1,24
262,uc003zxh.2,RMRP,1
263,uc011lox.2,CCDC107,44
264,uc003zxm.1,ARHGEF39,36
265,uc003zxo.4,CA9,31
266,uc003zxq.3,TPM2,34
267,uc003zxt.2,TLN1,40
268,uc003zxv.3,CREB3,57
269,uc003zxw.3,GBA2,38
270,uc011lpf.2,RGP1,65
271,uc003zyb.2,MSMP,45
272,uc022bgn.1,DQ589555,77
273,uc003zyd.3,NPR2,49
274,uc003zye.3,SPAG8,80
275,uc003zyh.3,HINT2,58
276,uc010mlc.2,FAM221B,49
277,uc003zym.4,TMEM8B,24
278,uc003zyn.4,TMEM8B,21
279,uc003zyp.4,LINC00950,1
280,uc011lph.2,OR13J1,25
281,uc003zyr.1,HRCT1,5
282,uc003zys.1,LOC158376,2
283,uc011lpi.2,OR2S2,50
284,uc003zyv.3,RECK,30
285,uc003zyz.3,GLIPR2,27
286,uc003zzb.4,CCIN,42
287,uc003zzc.3,CLTA,37
288,uc010mli.3,GNE,38
289,uc003zzh.3,RNF38,25
290,uc003zzn.4,MELK,36
291,uc022bgr.1,MIR4475,0
292,uc003zzo.1,PAX5,14
293,uc022bgs.1,MIR4540,0
294,uc022bgt.1,MIR4476,0
295,uc003zzp.2,LOC100506710,1
296,uc003zzq.3,ZCCHC7,44
297,uc003zzu.1,GRHPR,32
298,uc003zzx.3,ZBTB5,41
299,uc003zzy.1,POLR1E,30
300,uc004aaa.3,BC014180,1
301,uc004aab.3,FBXO10,42
302,uc011lql.2,TOMM5,13
303,uc004aag.1,FRMPD1,36
304,uc004aai.3,TRMT10B,34
305,uc004aal.3,EXOSC3,35
306,uc004aan.1,AK098263,1
307,uc004aao.3,DCAF10,44
308,uc004aas.1,BC062753,1
309,uc004aat.2,DQ590189,59
310,uc004aav.2,SLC25A51,95
311,uc004aaw.1,BC021061,1
312,uc004aax.3,SHB,13
313,uc004aay.3,ALDH1B1,31
314,uc004aaz.3,IGFBPL1,16
315,uc004abg.4,ANKRD18A,59
316,uc004abc.1,DQ596352,0
317,uc004abd.1,DQ573539,4
318,uc004abe.2,DQ587539,0
319,uc022bgz.1,DQ590589,0
320,uc004abh.4,FAM201A,4
321,uc022bha.1,U6,0
322,uc004abi.3,CNTNAP3,66
323,uc004abm.3,SPATA31A2,130
324,uc004abn.3,ZNF658B,131
325,uc004abp.3,SPATA31A2,133
326,uc011lqt.2,FAM74A1,43
327,uc004abq.1,DQ586551,76
328,uc004abr.1,CNTNAP3B,41
329,uc022bhb.1,Metazoa_SRP,0
330,uc010mmj.3,SPATA31A3,139
331,uc010mmk.2,FAM74A3,148
332,uc004abs.2,ZNF658,147
333,uc004abt.4,SPATA31A4,103
334,uc004abu.4,SPATA31A5,112
335,uc004abv.1,BC121813,111
336,uc004abx.3,ZNF658B,131
337,uc010mmr.2,MGC21881,53
338,uc011lqu.1,KGFLP2,79
339,uc031tdu.1,LOC643648,1
340,uc004acc.5,LOC554249,48
341,uc004acd.3,ANKRD20A3,104
342,uc011lqv.1,DQ573253,6
343,uc022bhc.1,DQ590943,3
344,uc004ace.3,DQ588135,4
345,uc011lqw.1,DQ593719,0
346,uc004acf.1,DQ587539,0
347,uc004acg.3,FAM95B1,18
348,uc004acj.1,AK094644,6
349,uc004ack.3,CBWD5,87
350,uc004acn.3,FOXD4L2,55
351,uc010mmw.3,AK310876,14
352,uc031tdv.1,LOC286297,67
353,uc004acq.4,AQP7P3,61
354,uc004acr.1,AK094644,8
355,uc010mmz.3,FAM95B1,17
356,uc011lqx.1,DQ582260,0
357,uc011lqy.2,DQ579969,0
358,uc011lqz.2,DQ570938,0
359,uc022bhe.1,DQ581981,0
360,uc011lra.1,DQ593430,1
361,uc004acw.1,ANKRD20A3,103
362,uc004acy.4,LOC642929,7
363,uc011lrb.2,SPATA31A6,187
364,uc004ada.2,CNTNAP3B,54
365,uc022bhf.1,DQ574527,14
366,uc011lrc.1,DQ600788,17
367,uc022bhg.1,DQ586768,0
368,uc022bhh.1,DQ587539,0
369,uc022bhi.1,DQ579969,0
370,uc004add.2,DQ570938,0
371,uc004adg.2,LOC643648,2
372,uc022bhj.1,Y_RNA,0
373,uc004adh.4,FAM27C,48
374,uc004adi.4,FAM27E3,22
375,uc010mnd.3,LOC100132167,2
376,uc004adn.4,FAM27A,51
377,uc022bhl.1,Y_RNA,1
378,uc022bhm.1,Y_RNA,0
379,uc004adp.4,LOC554249,45
380,uc031tdw.1,KGFLP1,35
381,uc004adr.1,AK126080,1
382,uc031tdy.1,LOC643648,1
383,uc004adu.3,AL953854.2-002,66
384,uc004adv.2,FAM74A4,100
385,uc004adx.4,SPATA31A5,125
386,uc004ady.3,AL953854.2-002,55
387,uc022bhn.1,DQ574527,11
388,uc022bho.1,DQ600787,12
389,uc022bhp.1,DQ586768,0
390,uc022bhq.1,DQ587539,0
391,uc022bhr.1,DQ579969,0
392,uc004aea.1,DQ570938,0
393,uc010mng.1,AK308561,7
394,uc004aec.3,CR627148,5
395,uc004aee.1,X97876,17
396,uc010mnh.1,AK309896,63
397,uc004aeg.5,BC000869,26
398,uc004aej.3,BC065763,16
399,uc010mnj.3,AK310876,13
400,uc031tdz.1,LOC286297,79
401,uc004aeo.1,AQP7P1,76
402,uc004aer.3,FAM27E3,34
403,uc004aes.1,DQ594366,46
404,uc004aet.4,FAM27B,49
405,uc004aeu.3,ANKRD20A3,104
406,uc004aew.1,AK308561,7
407,uc004aex.3,BC080605,11
408,uc022bht.1,LOC642236,156
409,uc022bhu.1,LOC100132352,71
410,uc004afb.1,AK096159,39
411,uc004afc.3,AX747850,2
412,uc010mnq.2,AK311167,57
413,uc004aff.4,PGM5P2,59
414,uc010mnt.1,LOC440896,3
415,uc004afi.2,FOXD4L6,65
416,uc004afj.4,CBWD6,93
417,uc011lrg.1,LOC441426,35
418,uc004afn.3,ANKRD20A4,116
419,uc011lrh.1,DQ581988,0
420,uc022bhv.1,DQ593719,0
421,uc022bhw.1,DQ587539,0
422,uc011lri.1,DQ582260,0
423,uc022bhx.1,DQ596206,0
424,uc004afr.3,BC064148,21
425,uc011lrj.1,DQ584320,2
426,uc011lrk.1,DQ593554,0
427,uc004afu.3,BC070322,33
428,uc004afv.2,LOC100133920,92
429,uc010moa.3,AK310876,11
430,uc010moc.3,FOXD4L5,66
431,uc004afw.3,CBWD5,112
432,uc010mod.3,AK310876,14
433,uc004afx.1,FOXD4L2,62
434,uc004aga.4,CBWD3,91
435,uc004agf.2,AK056618,2
436,uc004agi.4,CBWD3,97
437,uc004agm.1,FOXD4L3,68
438,uc004agp.3,PGM5-AS1,4
439,uc004agr.3,PGM5,40
440,uc004ags.1,AK130904,27
441,uc004agt.3,TMEM252,29
442,uc004agu.4,PIP5K1B,41
443,uc004agw.1,FAM122A,75
444,uc004agx.1,AK057188,1
445,uc004agy.3,PRKACG,34
446,uc004aha.2,FXN,32
447,uc011lrv.2,TJP2,34
448,uc004ahc.1,AK096834,1
449,uc031tea.1,BANCR,1
450,uc010mon.1,FAM189A2,32
451,uc004ahh.2,APBA1,20
452,uc004ahj.4,PTAR1,54
453,uc004ahk.3,BC039385,1
454,uc004ahl.3,C9orf135,26
455,uc004ahm.2,MAMDC2,35
456,uc004aho.1,LOC100507244,28
457,uc004ahp.1,LOC100507244,32
458,uc004ahq.1,LOC100507299,40
459,uc022bhz.1,LOC100507299,43
460,uc004ahr.2,SMC5,43
461,uc004ahs.1,AX748336,1
462,uc004aht.3,KLF9,17
463,uc004aid.3,TRPM3,30
464,uc004aih.1,MIR204,61
465,uc011lsa.1,TMEM2,40
466,uc004ail.3,ABHD17B,40
467,uc004ain.3,C9orf85,32
468,uc004aip.3,C9orf57,37
469,uc004air.3,GDA,35
470,uc022bia.1,5S_rRNA,0
471,uc004aiu.1,AK095210,1
472,uc004aiy.2,ZFAND5,44
473,uc004aiz.1,TMC1,38
474,uc004ajd.3,ALDH1A1,39
475,uc004ajf.1,ANXA1,40
476,uc004ajh.3,RORB,27
477,uc004ajk.1,TRPM6,38
478,uc022bic.1,7SK,10
479,uc022bid.1,TRNA_Asp,0
480,uc004ajo.4,C9orf40,41
481,uc004ajp.3,BC043649,30
482,uc004ajq.3,C9orf41,35
483,uc004ajr.4,NMRK1,37
484,uc004ajv.4,OSTF1,23
485,uc022bie.1,MIR548H3,1
486,uc004akc.2,PCSK5,33
487,uc004akd.2,RFK,51
488,uc011lsj.1,RPSAP9,85
489,uc004akf.4,GCNT1,51
490,uc010mpk.3,PRUNE2,71
491,uc004akm.2,PCA3,1
492,uc022bii.1,PCA3_1,0
493,uc004ako.1,FOXB2,15
494,uc022bij.1,VPS13A-AS1,5
495,uc004akr.3,VPS13A,46
496,uc004aku.3,GNA14,25
497,uc004akw.3,GNAQ,17
498,uc004aky.4,CEP78,54
499,uc004ala.3,PSAT1,40
500,uc004alc.3,TLE4,40
501,uc004alg.3,DQ575560,0
502,uc004alh.1,DQ583878,0
503,uc004ali.3,DQ589820,1
504,uc004alj.1,DQ580124,1
505,uc004alk.2,DQ595182,0
506,uc004all.2,DQ596925,0
507,uc004alm.2,DQ597713,0
508,uc004aln.1,DQ586158,0
509,uc022bik.1,DQ588659,3
510,uc022bil.1,DQ599976,2
511,uc004alo.3,DQ574305,2
512,uc022bim.1,DQ600106,0
513,uc004alp.2,DQ574306,0
514,uc004alq.2,DQ599155,3
515,uc022bin.1,DQ574330,0
516,uc004alr.2,DQ579956,4
517,uc004als.1,DQ594965,4
518,uc004alt.1,DQ596802,2
519,uc004alu.1,DQ574826,0
520,uc004alv.2,DQ592136,2
521,uc004alw.2,DQ577348,0
522,uc022bio.1,DQ593172,0
523,uc022bip.1,DQ592375,0
524,uc022biq.1,DQ570523,0
525,uc004alx.1,DQ573195,0
526,uc022bir.1,DQ591664,3
527,uc004aly.3,TLE1,28
528,uc004amd.3,BC036431,1
529,uc011lst.2,SPATA31D5P,111
530,uc004ame.3,DQ592725,113
531,uc022bis.1,DQ577940,148
532,uc022bit.1,DQ578305,127
533,uc004amf.1,DQ582032,21
534,uc004amg.3,DQ584769,0
535,uc004amh.2,SPATA31D4,120
536,uc004ami.1,AK097447,121
537,uc004amj.1,DQ577940,173
538,uc022biu.1,DQ578305,122
539,uc004amk.1,DQ582032,18
540,uc004aml.3,DQ584769,0
541,uc010mpt.2,SPATA31D3,124
542,uc004amm.1,DQ577940,167
543,uc022biv.1,DQ578305,133
544,uc004amn.3,SPATA31D1,143
545,uc022biw.1,Mir_544,1
546,uc022bix.1,DQ588544,0
547,uc022biy.1,Mir_1302,0
548,uc004amo.2,RASEF,44
549,uc004ams.2,FRMD3,30
550,uc004amu.3,IDNK,41
551,uc004amv.3,UBQLN1,52
552,uc004amx.3,AK300656,2
553,uc004amy.3,GKAP1,43
554,uc004ana.4,KIF27,56
555,uc004anb.3,C9orf64,38
556,uc004anf.4,HNRNPK,51
557,uc004ano.1,MIR7-1,18
558,uc004anq.4,RMI1,75
559,uc004ant.3,BX537783,21
560,uc010mpz.3,SLC28A3,32
561,uc004anz.1,NTRK2,25
562,uc010mqc.3,AGTPBP1,35
563,uc004aog.2,LOC389765,41
564,uc022bjc.1,AK124523,74
565,uc004aoi.4,NAA35,38
566,uc004aol.3,GOLM1,28
567,uc031teh.1,C9orf153,29
568,uc004aop.3,ISCA1,57
569,uc004aoq.3,ZCCHC6,49
570,uc004aox.4,GAS1,3
571,uc004aoy.3,LOC100506834,1
572,uc010mqg.4,LOC440173,30
573,uc022bjd.1,LOC494127,23
574,uc004apa.1,C9orf170,27
575,uc004apb.2,BC093087,3
576,uc004apd.3,DAPK1,29
577,uc004apk.4,CTSL1,61
578,uc004apm.1,CTSL3P,39
579,uc004apn.1,L25629,26
580,uc022bje.2,CTSL1P8,14
581,uc022bjf.1,LOC392364,76
582,uc004app.4,SPATA31E1,40
583,uc010mqi.3,SPATA31C1,131
584,uc022bjg.1,DQ578031,89
585,uc022bjh.1,DQ586768,0
586,uc022bji.1,DQ596352,0
587,uc004apr.3,CDK20,27
588,uc022bjk.1,DQ590442,0
589,uc004apw.1,DQ596206,0
590,uc011lti.2,SPATA31C2,140
591,uc004apx.1,DQ587746,104
592,uc004apy.3,SPIN1,36
593,uc011ltj.2,NXNL2,6
594,uc010mql.1,LOC286238,28
595,uc022bjl.1,MIR4289,0
596,uc004aqc.2,C9orf47,11
597,uc004aqe.4,S1PR3,26
598,uc004aqf.2,SHC3,26
599,uc004aqh.3,CKS2,32
600,uc022bjn.1,MIR3153,0
601,uc004aqj.1,SECISBP2,37
602,uc004aqo.1,SEMA4D,28
603,uc004aqq.3,GADD45G,8
604,uc004aqs.2,UNQ6494,2
605,uc022bjo.1,LOC286370,2
606,uc022bjp.1,MIR4290,0
607,uc004aqt.3,LOC340515,1
608,uc022bjq.1,DQ584857,0
609,uc022bjr.1,DQ597036,0
610,uc011ltp.2,DQ601751,0
611,uc011ltq.1,DQ579694,0
612,uc004aqv.3,DQ585001,0
613,uc004aqw.3,DQ593488,0
614,uc004aqx.1,DIRAS2,31
615,uc004aqz.3,SYK,27
616,uc004ard.1,LOC100129316,1
617,uc004are.1,AK095132,2
618,uc004arf.4,AUH,22
619,uc004arh.3,NFIL3,84
620,uc004arj.2,ROR2,19
621,uc022bju.1,MIR3910-1,0
622,uc022bjv.1,MIR3910-2,0
623,uc004arl.1,SPTLC1,40
624,uc004aro.1,LOC100128076,2
625,uc004arp.1,LINC00475,17
626,uc004aru.4,IARS,39
627,uc010mqv.3,SNORA84,1
628,uc022bjx.1,NOL8,74
629,uc004arz.3,CENPP,40
630,uc004asa.3,OGN,38
631,uc004asd.4,OMD,63
632,uc004ase.2,ASPN,44
633,uc011lty.2,ECM2,46
634,uc022bjz.1,MIR4670,0
635,uc004asl.1,IPPK,21
636,uc004asm.3,LOC100128361,1
637,uc004asn.1,AX746834,1
638,uc004asp.1,BICD2,14
639,uc011lua.1,ANKRD19P,51
640,uc022bka.1,BC016143,2
641,uc004asu.2,ZNF484,71
642,uc022bkb.1,DQ573684,0
643,uc004asz.2,FGD3,19
644,uc004atb.3,SUSD3,14
645,uc004atd.3,C9orf89,11
646,uc004atg.4,NINJ1,9
647,uc004atj.3,WNK2,22
648,uc010mre.3,C9orf129,24
649,uc022bkc.1,BC039686,1
650,uc004atu.4,FAM120AOS,45
651,uc011lue.1,DQ594798,16
652,uc004atw.3,FAM120A,37
653,uc004aub.3,PHF2,18
654,uc022bkd.1,MIR4291,0
655,uc010mrh.3,BARX1,9
656,uc022bke.1,JB148981,0
657,uc010mrj.2,PTPDC1,43
658,uc022bkf.2,JB153432,15
659,uc022bkg.1,DM119500,18
660,uc022bkh.1,DM119504,19
661,uc004auk.4,MIRLET7DHG,3
662,uc004aul.2,MIRLET7D,7
663,uc004aum.1,ZNF169,30
664,uc004aup.1,NUTM2F,43
665,uc004auq.1,LOC100132077,29
666,uc004aur.3,HIATL1,36
667,uc004aut.1,BC080653,32
668,uc004auv.3,FBP2,27
669,uc004auw.4,FBP1,16
670,uc004ava.3,C9orf3,32
671,uc022bkj.1,MIR2278,2
672,uc004avf.3,AL137535,1
673,uc004avg.4,MIR23B,7
674,uc022bkk.1,MIR3074,8
675,uc004avh.3,FANCC,29
676,uc004avj.3,BC041030,59
677,uc004avk.4,PTCH1,29
678,uc022bkm.1,LOC100507346,44
679,uc004avp.4,LINC00476,14
680,uc004avt.4,ERCC6L2,35
681,uc022bkn.1,DQ588075,0
682,uc004avx.4,LINC00092,1
683,uc004avy.4,LOC158435,2
684,uc031teo.1,LOC158434,1
685,uc004awa.1,HSD17B3,34
686,uc004awc.3,SLC35D2,34
687,uc004awf.3,ZNF367,45
688,uc010msg.3,HABP4,29
689,uc004awj.3,CDC14B,34
690,uc004awm.3,AAED1,44
691,uc011luo.1,LOC441455,33
692,uc004awn.1,ZNF510,74
693,uc004awp.1,ZNF782,66
694,uc022bko.1,LOC100132781,4
695,uc011luq.2,LOC441454,48
696,uc022bkp.1,NUTM2G,50
697,uc004aws.3,HIATL2,34
698,uc004awt.3,CTSL2,40
699,uc004awv.3,LOC340508,6
700,uc004aww.1,AX747261,50
701,uc022bkq.1,DQ586768,0
702,uc022bkr.1,DQ578098,0
703,uc004awy.3,DQ587539,0
704,uc022bks.1,DQ590589,0
705,uc022bkt.1,DQ579969,0
706,uc004axb.2,BC070371,1
707,uc010msl.1,AK309476,78
708,uc004axd.2,ZNF322,143
709,uc004axg.2,CCDC180,35
710,uc011luu.2,LOC100499484,20
711,uc010msn.3,LOC286359,2
712,uc004axj.3,TDRD7,40
713,uc004axl.2,TMOD1,26
714,uc004axn.3,TSTD2,46
715,uc004axq.3,NCBP1,43
716,uc004axr.4,XPA,46
717,uc004axt.1,AX746764,1
718,uc004axu.3,FOXE1,12
719,uc004axv.1,C9orf156,40
720,uc004axy.4,HEMGN,93
721,uc004aya.3,ANP32B,25
722,uc004ayc.3,NANS,23
723,uc004ayd.2,TRIM14,22
724,uc004aym.3,CORO2A,25
725,uc011lvb.2,TBC1D2,28
726,uc004ays.3,GABBR2,24
727,uc004ayu.3,ANKS6,17
728,uc004ayz.3,GALNT12,32
729,uc004azb.2,COL15A1,33
730,uc004azc.3,TGFBR1,41
731,uc022bkv.1,5S_rRNA,0
732,uc004azf.3,ALG2,52
733,uc004azh.3,SEC61B,38
734,uc004azm.2,NAMA,2
735,uc022bkw.1,NAMA_1,0
736,uc022bkx.1,NAMA_2,1
737,uc004bad.1,AK057451,1
738,uc004baf.1,NR4A3,32
739,uc004baj.4,LOC441461,2
740,uc004bal.4,STX17,44
741,uc004bam.3,ERP44,35
742,uc004bap.2,INVS,32
743,uc004bas.3,TEX10,50
744,uc004bav.1,AK056351,5
745,uc004bay.2,MSANTD3-TMEFF1,37
746,uc004bba.3,MURC,53
747,uc022blc.1,DQ580140,57
748,uc004bbb.3,LPPR1,22
749,uc010mtd.3,BAAT,33
750,uc004bbe.2,MRPL50,51
751,uc004bbh.2,ZNF189,68
752,uc004bbk.2,ALDOB,37
753,uc004bbl.1,AK094413,1
754,uc004bbm.3,TMEM246,38
755,uc004bbn.3,RNF20,55
756,uc004bbp.2,GRIN3A,40
757,uc004bbr.3,PPP3R2,40
758,uc004bbs.2,CYLC2,63
759,uc004bbt.3,BC035187,7
760,uc011lvl.2,SMC2,47
761,uc011lvm.2,OR13F1,74
762,uc011lvn.2,OR13C4,105
763,uc004bcb.1,OR13C3,113
764,uc011lvo.2,OR13C8,94
765,uc011lvp.2,OR13C5,127
766,uc011lvq.2,OR13C2,129
767,uc011lvr.2,OR13C9,113
768,uc011lvs.2,OR13D1,139
769,uc004bci.3,NIPSNAP3B,42
770,uc004bck.4,LOC286367,1
771,uc004bcl.3,ABCA1,37
772,uc010mti.1,ABCA1,1
773,uc010mtj.1,AK311445,1
774,uc022blg.1,7SK,1
775,uc004bcn.3,SLC44A1,40
776,uc004bcq.2,FSD1L,56
777,uc004bcs.3,FKTN,36
778,uc004bct.3,TAL2,23
779,uc004bcu.2,TMEM38B,54
780,uc004bcw.3,BC039487,1
781,uc004bcx.3,BC017988,1
782,uc004bcy.1,AK093363,1
783,uc022blh.1,5S_rRNA,0
784,uc004bcz.3,ZNF462,56
785,uc022bli.1,MIR548Q,54
786,uc004bdc.1,AK097706,17
787,uc004bde.3,RAD23B,37
788,uc004bdg.3,KLF4,29
789,uc022bll.1,5S_rRNA,0
790,uc004bdi.3,ACTL7B,26
791,uc004bdj.1,ACTL7A,33
792,uc004bdm.4,IKBKAP,36
793,uc004bdn.3,FAM206A,42
794,uc004bdo.1,CTNNAL1,35
795,uc022blm.1,5_8S_rRNA,8
796,uc004bdt.4,TMEM245,37
797,uc004bdu.1,MIR32,47
798,uc004bdv.3,AL390170,1
799,uc004bdw.1,FRRS1L,41
800,uc004bdx.1,AX747119,2
801,uc004bdy.2,AX747119,1
802,uc004bdz.1,EPB41L4B,29
803,uc004bed.2,PTPN3,28
804,uc004bej.4,PALM2-AKAP2,26
805,uc022blo.1,Mir_548,0
806,uc022blp.1,TRNA_Arg,2
807,uc011lwk.2,C9orf152,41
808,uc004bep.2,TXN,25
809,uc004bes.3,TXNDC8,35
810,uc010mtz.3,SVEP1,69
811,uc022blr.1,U6,4
812,uc022bls.1,U6,2
813,uc022blv.1,MUSK,69
814,uc004bfc.3,LPAR1,35
815,uc022blw.1,Y_RNA,0
816,uc011lwp.2,OR2K2,66
817,uc004bfe.1,KIAA0368,56
818,uc022blx.1,5S_rRNA,7
819,uc004bff.2,ZNF483,60
820,uc004bfh.2,PTGR1,29
821,uc022bly.1,LRRC37A5P,53
822,uc004bfl.3,DNAJC25,46
823,uc004bfr.3,C9orf84,47
824,uc004bft.3,UGCG,38
825,uc022blz.1,MIR4668,54
826,uc022bma.1,MIR3134,33
827,uc004bfu.3,SUSD1,34
828,uc004bfx.3,PTBP3,37
829,uc022bmb.1,5S_rRNA,1
830,uc004bga.2,HSDL2,33
831,uc004bge.1,AK131020,18
832,uc004bgf.1,KIAA1958,36
833,uc004bgg.3,INIP,45
834,uc004bgj.4,SNX30,27
835,uc022bmc.1,TRNA_Trp,0
836,uc004bgk.3,SLC46A2,23
837,uc011lwy.2,ZNF883,45
838,uc004bgm.1,ZFP37,71
839,uc004bgn.5,FAM225B,2
840,uc004bgo.3,FAM225A,1
841,uc004bgq.3,SLC31A2,51
842,uc004bgs.2,FKBP15,47
843,uc004bgu.3,SLC31A1,33
844,uc004bgw.2,CDC26,74
845,uc004bgx.3,PRPF4,51
846,uc004bgz.3,RNF183,22
847,uc004bhb.3,WDR31,2
848,uc004bhe.3,WDR31,29
849,uc004bhg.4,BSPRY,22
850,uc004bhi.1,HDHD3,35
851,uc011lxf.2,ALAD,15
852,uc031tet.1,POLE3,17
853,uc004bhp.3,C9orf43,40
854,uc004bhq.4,RGS3,25
855,uc022bmf.1,Mir_584,9
856,uc004bic.3,ZNF618,25
857,uc004bie.4,AMBP,18
858,uc004bif.3,KIF12,24
859,uc011lxl.2,COL27A1,21
860,uc011lxm.2,MIR455,17
861,uc004bik.4,ORM1,27
862,uc004bis.3,AKNA,19
863,uc004biz.4,DFNB31,15
864,uc004bjc.3,ATP6V1G1,24
865,uc004bjd.4,C9orf91,21
866,uc022bmg.1,LOC100505478,2
867,uc004bjh.3,TNFSF15,35
868,uc022bmh.1,Mir_633,1
869,uc004bji.2,TNFSF8,43
870,uc004bjj.4,TNC,39
871,uc004bjk.1,1-Dec,10
872,uc022bmk.1,U2,0
873,uc004bjm.3,LINC00474,16
874,uc004bjn.3,PAPPA,28
875,uc004bjt.2,ASTN2,17
876,uc004bju.1,LOC100128505,1
877,uc004bjx.2,TRIM32,43
878,uc022bmp.1,SNORA70C,23
879,uc022bmq.1,7SK,0
880,uc004bjz.4,TLR4,60
881,uc004bkc.2,DBC1,23
882,uc011lxv.1,MIR147A,45
883,uc022bmr.1,TRNA,2
884,uc004bkf.4,CDK5RAP2,31
885,uc022bms.1,MEGF9,50
886,uc004bkm.1,FBXW2,37
887,uc011lyd.1,LOC100288842,87
888,uc004bko.4,PSMD5,45
889,uc004bkq.3,LOC253039,1
890,uc004bks.1,PHF19,24
891,uc010mvl.2,TRAF1,33
892,uc004bkv.3,C5,41
893,uc004bkx.1,CNTRL,46
894,uc004blc.3,RAB14,38
895,uc004blf.1,GSN,20
896,uc004blh.4,STOM,32
897,uc004bll.1,GGTA1P,18
898,uc022bmt.1,Metazoa_SRP,2
899,uc004bln.3,DAB2IP,15
900,uc011lyl.2,TTLL11,18
901,uc004bls.1,BC039180,1
902,uc022bmu.1,Mir_584,0
903,uc022bmv.1,MIR4478,0
904,uc004blv.3,NDUFA8,26
905,uc004blw.2,MORN5,20
906,uc004blx.4,LHX6,6
907,uc004bma.2,RBM18,29
908,uc010mwa.3,MRRF,48
909,uc004bmg.2,PTGS1,27
910,uc011lyv.2,OR1J2,70
911,uc011lyu.2,OR1J1,55
912,uc011lyw.2,OR1J4,75
913,uc004bmn.1,OR1N1,32
914,uc011lyx.2,OR1N2,88
915,uc004bmp.1,OR1L8,49
916,uc011lyy.2,OR1Q1,79
917,uc011lyz.2,OR1B1,32
918,uc022bmz.1,OR1L1,118
919,uc011lzb.2,OR1L3,99
920,uc004bmu.1,OR1L4,113
921,uc022bna.1,OR1L6,79
922,uc011lzd.2,OR5C1,38
923,uc011lze.2,OR1K1,35
924,uc004bmy.3,BC010186,2
925,uc004bmz.2,PDCL,50
926,uc004bnb.1,AL833455,1
927,uc010mwc.1,RC3H2,50
928,uc004bnf.1,SNORD90,56
929,uc004bnh.4,ZBTB6,61
930,uc004bnk.3,ZBTB26,63
931,uc011lzh.2,RABGAP1,43
932,uc011lzk.3,GPR21,67
933,uc004bnp.4,MIR600HG,24
934,uc004bnq.3,DQ582309,0
935,uc004bns.3,STRBP,37
936,uc004bnx.1,CRB2,20
937,uc004bnz.1,DENND1A,20
938,uc022bnd.1,MIR601,16
939,uc022bne.1,TRNA_Gln,0
940,uc004bod.1,AK131516,2
941,uc004boe.1,LHX2,23
942,uc004boh.3,NEK6,16
943,uc004boj.4,PSMB7,28
944,uc010mwl.3,LOC100129034,13
945,uc010mwn.3,GPR144,6
946,uc004boo.1,NR5A1,22
947,uc004bor.1,NR6A1,21
948,uc004bos.3,AB074162,1
949,uc004bot.3,MIR181A2,43
950,uc004bou.3,MIR181B2,16
951,uc004bov.3,OLFML2A,16
952,uc011lzo.3,WDR38,23
953,uc004boy.1,RPL35,17
954,uc004bpa.4,ARPC5L,20
955,uc004bpc.3,GOLGA1,39
956,uc004bpd.3,SCAI,32
957,uc004bpf.2,AX748313,1
958,uc004bpg.4,PPP6C,40
959,uc004bpi.3,RABEPK,38
960,uc004bpn.3,HSPA5,49
961,uc004bpr.3,GAPVD1,43
962,uc004bpv.3,MAPKAP1,32
963,uc004bqb.3,PBX3,19
964,uc004bqf.1,BC031239,1
965,uc004bqh.2,MVB12B,21
966,uc022bnj.1,NRON,1
967,uc022bnk.1,SNORD116,0
968,uc022bnl.1,Mir_1302,12
969,uc004bqj.3,LMX1B,5
970,uc004bqk.1,AX747444,1
971,uc010mxf.3,ZBTB43,40
972,uc004bqm.4,ZBTB34,86
973,uc004bqo.2,RALGPS1,23
974,uc004bqr.1,ANGPTL2,33
975,uc011mae.2,GARNL3,39
976,uc004bqu.4,SLC2A8,25
977,uc004bqw.4,ZNF79,42
978,uc004bqy.2,RPL12,50
979,uc004bra.1,SNORA65,54
980,uc004brd.2,LRSAM1,18
981,uc004brf.1,AX747547,6
982,uc004brh.3,FAM129B,19
983,uc004brk.2,STXBP1,27
984,uc022bnp.1,MIR3911,75
985,uc004bro.3,PTRH1,16
986,uc004brn.1,C9orf117,19
987,uc004brq.1,TTC16,19
988,uc004brs.4,TOR2A,16
989,uc004bsc.3,SH2D3C,19
990,uc022bnr.1,MIR3960,0
991,uc004bse.2,CDK9,25
992,uc004bsg.1,FPGS,25
993,uc031tfe.1,ENG,4
994,uc004bsj.5,ENG,14
995,uc004bsl.1,AK057719,14
996,uc022bns.1,Y_RNA,2
997,uc022bnt.1,5S_rRNA,0
998,uc004bsm.4,AK1,11
999,uc022bnu.1,MIR4672,0
1000,uc004bso.1,ST6GALNAC6,14
1001,uc004bss.3,ST6GALNAC4,14
1002,uc011mao.2,PIP5KL1,7
1003,uc004bsv.2,DPM2,14
1004,uc004bsx.2,FAM102A,15
1005,uc004bta.3,NAIF1,30
1006,uc004btb.4,SLC25A25,27
1007,uc004btg.1,LOC100289019,2
1008,uc004bti.4,PTGES2,15
1009,uc004btn.3,LOC389791,1
1010,uc004bto.1,LCN2,31
1011,uc004btp.1,C9orf16,11
1012,uc011mas.2,CIZ1,23
1013,uc022bob.1,DNM1,30
1014,uc004bue.1,MIR199B,5
1015,uc022boc.1,MIR3154,0
1016,uc004buf.1,DQ575742,25
1017,uc011maw.2,GOLGA2,39
1018,uc004bui.3,DQ571464,63
1019,uc022bod.1,JB175342,82
1020,uc022boe.1,DQ583972,93
1021,uc022bof.1,Metazoa_SRP,16
1022,uc022bog.1,DQ583692,39
1023,uc004bun.2,DQ594309,13
1024,uc004bup.3,SWI5,31
1025,uc004buq.1,TRUB2,20
1026,uc004bur.4,COQ4,20
1027,uc022boh.1,TRNA_Arg,0
1028,uc004but.3,SLC27A4,33
1029,uc011may.2,URM1,38
1030,uc004bux.1,MIR219-2,2
1031,uc022boi.1,MIR2964A,2
1032,uc004buz.4,CERCAM,21
1033,uc004bvc.3,ODF2,22
1034,uc004bvg.3,BC094874,4
1035,uc004bvj.3,GLE1,35
1036,uc022bok.1,U7,0
1037,uc004bvm.4,SPTAN1,36
1038,uc004bvq.1,WDR34,15
1039,uc022bol.1,SET,44
1040,uc004bvv.1,Y16709,3
1041,uc004bvw.3,PKN3,24
1042,uc004bvy.3,ZDHHC12,16
1043,uc031tfi.1,LOC100506100,2
1044,uc004bwa.2,ZER1,21
1045,uc010myj.3,TBC1D13,23
1046,uc004bwc.3,ENDOG,6
1047,uc004bwd.3,C9orf114,22
1048,uc004bwh.3,CCBL1,24
1049,uc010myp.3,LRRC8A,30
1050,uc004bwp.2,PHYHD1,27
1051,uc004bwr.3,DOLK,49
1052,uc004bws.2,NUP188,41
1053,uc004bwv.3,SH3GLB2,15
1054,uc004bxa.3,FAM73B,17
1055,uc004bxc.3,DOLPP1,28
1056,uc004bxh.3,CRAT,19
1057,uc004bxm.2,PPP2R4,24
1058,uc010myt.1,IER5L,4
1059,uc010myu.1,AK308944,25
1060,uc004bxs.2,C9orf106,20
1061,uc004bxt.1,AX747401,1
1062,uc004bxu.3,BC094873,2
1063,uc004bxy.2,LOC100506190,30
1064,uc004bya.1,BC037833,2
1065,uc004byc.4,C9orf50,25
1066,uc004byd.1,NTMT1,26
1067,uc004byf.2,ASB6,19
1068,uc004byh.3,PRRX2,6
1069,uc022bop.1,Mir_652,0
1070,uc004byi.3,PTGES,12
1071,uc004byk.1,TOR1B,39
1072,uc004byl.3,TOR1A,39
1073,uc004byp.3,C9orf78,29
1074,uc004byr.3,USP20,21
1075,uc004byw.1,FNBP1,49
1076,uc004bzd.2,GPR107,27
1077,uc022boq.1,Mir_562,0
1078,uc004bzf.3,AK026244,3
1079,uc004bzg.2,GPR107,5
1080,uc004bzh.1,AK128673,41
1081,uc004bzi.2,NCS1,10
1082,uc004bzj.3,DKFZp434P0216,10
1083,uc004bzl.3,AK074396,17
1084,uc004bzm.3,ASS1,21
1085,uc011mby.2,LOC100272217,1
1086,uc004bzr.1,FUBP3,23
1087,uc004bzt.1,PRDM12,11
1088,uc004bzu.2,EXOSC2,36
1089,uc004bzv.3,ABL1,28
1090,uc004bzx.1,AX748265,1
1091,uc011mcb.2,QRFP,33
1092,uc004bzz.3,FIBCD1,7
1093,uc004caa.1,LAMC3,16
1094,uc004cad.2,AIF1L,27
1095,uc004cag.3,NUP214,42
1096,uc004cak.3,FAM78A,14
1097,uc004cal.2,PPAPDC3,10
1098,uc004can.4,PRRC2B,34
1099,uc004caq.3,SNORD62A,43
1100,uc004car.3,SNORD62A,71
1101,uc004cas.1,LQFBS-1,1
1102,uc004cav.3,POMT1,33
1103,uc031tfj.1,UCK1,19
1104,uc022bos.1,RAPGEF1,25
1105,uc022bow.1,DD413682,18
1106,uc004cbe.2,MED27,13
1107,uc004cbh.2,NTNG2,10
1108,uc004cbk.3,SETX,58
1109,uc004cbl.3,TTF1,51
1110,uc004cbn.3,C9orf171,9
1111,uc004cbp.1,BARHL1,20
1112,uc004cbq.1,DDX31,31
1113,uc010mzv.3,GTF3C4,58
1114,uc004cbu.1,AK8,15
1115,uc004cby.1,C9orf9,34
1116,uc004cca.2,TSC1,38
1117,uc004ccf.3,AJ011378,1
1118,uc004ccg.3,GFI1B,11
1119,uc004ccj.4,GTF3C5,24
1120,uc010naa.2,CEL,27
1121,uc011mcu.1,CELP,17
1122,uc004ccr.3,RALGDS,19
1123,uc004ccz.3,OBP2B,21
1124,uc004cda.1,ABO,17
1125,uc004cdb.4,SURF6,20
1126,uc004cdc.3,MED22,14
1127,uc004cde.1,RPL7A,44
1128,uc010nah.3,SNORD24,51
1129,uc010nai.1,SNORD36B,37
1130,uc010naj.3,SNORD36A,71
1131,uc010nak.3,SNORD36C,52
1132,uc004cdh.1,SURF1,40
1133,uc004cdi.2,SURF2,32
1134,uc004cdj.3,SURF4,21
1135,uc004cdk.3,C9orf96,25
1136,uc004cdm.3,REXO4,33
1137,uc004cdv.4,ADAMTS13,16
1138,uc011mdh.1,CACFD1,17
1139,uc004cee.3,SLC2A6,18
1140,uc011mdk.2,TMEM8C,14
1141,uc004cei.3,ADAMTSL2,22
1142,uc011mdm.2,FAM163B,4
1143,uc004cel.3,DBH,14
1144,uc031tfk.1,DBH-AS1,17
1145,uc004cep.4,SARDH,17
1146,uc004ces.3,VAV2,12
1147,uc004ceu.3,LINC00094,1
1148,uc004cew.3,BRD3,17
1149,uc004cey.3,WDR5,29
1150,uc010nap.1,RNU6ATAC,0
1151,uc004cfa.1,RXRA,5
1152,uc004cfb.2,RXRA,12
1153,uc022bpa.1,MIR4669,0
1154,uc031tfl.1,COL5A1,16
1155,uc004cff.3,LOC101448202,11
1156,uc022bpb.1,MIR3689A,1
1157,uc022bpc.1,MIR3689C,0
1158,uc022bpd.1,MIR3689D1,0
1159,uc022bpe.1,MIR3689B,1
1160,uc022bpf.1,MIR3689D2,1
1161,uc022bph.1,MIR3689F,0
1162,uc004cfg.1,FCN2,21
1163,uc004cfi.3,FCN1,30
1164,uc004cfl.4,OLFM1,19
1165,uc031tfm.1,LOC401557,20
1166,uc004cfo.3,C9orf62,14
1167,uc004cfp.4,LOC100506599,2
1168,uc004cfq.2,AK096249,2
1169,uc004cfr.1,PPP1R26,28
1170,uc004cft.1,C9orf116,16
1171,uc004cfv.5,MRPS2,21
1172,uc004cfy.3,BC015688,20
1173,uc022bpk.1,LCN1,14
1174,uc004cgb.3,OBP2A,17
1175,uc004cgd.1,PAEP,34
1176,uc004cgh.1,LOC100130954,2
1177,uc010nbd.1,GLT6D1,32
1178,uc004cgk.2,LCN9,29
1179,uc010nbe.3,SOHLH1,12
1180,uc004cgm.2,BC101937,3
1181,uc011mdq.2,KCNT1,11
1182,uc004cgr.4,CAMSAP1,39
1183,uc004cgt.3,UBAC1,28
1184,uc004cgv.4,NACC2,7
1185,uc004cgx.5,C9orf69,13
1186,uc022bpl.1,RBSG2,1
1187,uc004cgz.3,LHX3,6
1188,uc010nbi.2,QSOX2,19
1189,uc011mdt.1,DKFZP434A062,1
1190,uc004chd.2,GPSM1,5
1191,uc004chf.2,DNLZ,11
1192,uc004chg.3,CARD9,15
1193,uc004chh.3,SNAPC4,23
1194,uc004chi.3,SDCCAG3,19
1195,uc004chl.3,PMPCA,31
1196,uc004cho.3,INPP5E,15
1197,uc004chx.3,SEC16A,38
1198,uc004chy.3,C9orf163,14
1199,uc004chz.3,NOTCH1,12
1200,uc022bpq.1,MIR4673,37
1201,uc022bpr.1,MIR4674,0
1202,uc004cib.1,AX747706,1
1203,uc004cic.3,AF161442,2
1204,uc004cih.3,EGFL7,10
1205,uc022bps.1,MIR126,13
1206,uc004cii.1,AGPAT2,8
1207,uc004cik.3,FAM69B,7
1208,uc004cim.2,SNHG7,13
1209,uc011meb.2,SNHG7,17
1210,uc004civ.3,LCN10,10
1211,uc004ciy.2,LCN6,14
1212,uc004ciz.1,LOC100128593,10
1213,uc004cjb.1,LCN8,35
1214,uc004cjd.3,LCN15,13
1215,uc004cje.4,TMEM141,16
1216,uc004cjf.3,KIAA1984,19
1217,uc004cjg.1,KIAA1984-AS1,14
1218,uc004cjj.1,RABL6,25
1219,uc022bpu.1,MIR4292,0
1220,uc011meh.2,C9orf172,6
1221,uc004cjq.4,PHPT1,25
1222,uc004cjs.3,MAMDC4,14
1223,uc004cjt.1,EDF1,22
1224,uc004cjv.3,TRAF2,15
1225,uc022bpw.1,MIR4479,0
1226,uc004cjw.3,BC034456,2
1227,uc004cjx.3,FBXW5,9
1228,uc004cka.2,C8G,7
1229,uc004ckb.3,LCN12,6
1230,uc004cke.3,PTGDS,17
1231,uc004ckh.1,LCNL1,17
1232,uc004cki.3,C9orf142,17
1233,uc004ckj.1,CLIC3,8
1234,uc022bpy.1,ABCA2,10
1235,uc004ckp.1,C9orf139,19
1236,uc004ckq.2,FUT7,16
1237,uc004ckt.2,NPDC1,6
1238,uc004ckw.2,ENTPD2,51
1239,uc011men.2,SAPCD2,13
1240,uc010ncb.3,UAP1L1,21
1241,uc004clb.3,LOC100289341,1
1242,uc004cld.3,MAN1B1,129
1243,uc004clh.3,DPP7,10
1244,uc004cln.3,GRIN1,18
1245,uc004clp.2,LRRC26,3
1246,uc022bqc.1,MIR3621,2
1247,uc004clr.1,ANAPC2,16
1248,uc004cls.2,SSNA1,9
1249,uc004clu.3,TPRN,15
1250,uc004clv.3,TMEM203,12
1251,uc004clx.3,NDOR1,28
1252,uc004clz.2,RNF208,5
1253,uc004cma.1,AK128153,7
1254,uc004cmb.3,C9orf169,9
1255,uc022bqe.1,RNF224,2
1256,uc004cmf.1,SLC34A3,19
1257,uc004cmh.1,TUBB4B,64
1258,uc031tfw.1,TUBB2C,74
1259,uc004cmi.1,FAM166A,25
1260,uc022bqg.1,LOC100129722,22
1261,uc004cmk.2,C9orf173,23
1262,uc004cmm.4,NELFB,13
1263,uc004cmn.3,TOR4A,3
1264,uc004cmo.2,NRARP,4
1265,uc004cmp.2,EXD3,6
1266,uc004cmu.3,NOXA1,13
1267,uc004cmw.3,ENTPD8,13
1268,uc004cna.3,NSMF,27
1269,uc010ncj.1,PNPLA7,14
1270,uc004cnh.4,MRPL41,13
1271,uc004cnk.1,WDR85,34
1272,uc031tfx.1,WDR85,39
1273,uc004cno.1,ZMYND19,33
1274,uc004cns.3,ARRDC1,26
1275,uc004cnz.3,C9orf37,9
1276,uc011mfc.2,EHMT1,20
1277,uc010nco.3,FLJ40292,3
1278,uc022bqm.1,MIR602,33
1279,uc004cof.1,AK128414,22
1280,uc004cog.3,CACNA1B,25
1281,uc010ncq.3,TUBBP5,56
1282,uc011mfe.1,FAM157B,11
1283,uc011mff.2,DQ577244,10
1284,uc004coq.4,DQ582201,143
1285,uc022bqo.2,JB137816,162
1286,uc004cor.1,DQ582265,164
1287,uc004cos.5,TVAS5,163
1288,uc022bqp.1,JA429830,165
1289,uc022bqq.1,JA429831,150
