0,uc003zey.3,TMED10P1,35
1,uc003zfb.4,ZNF252P-AS1,1
2,uc003zfc.4,C8orf33,49
3,uc011llp.1,DDX11L5,26
4,uc010mgm.1,WASH1,73
5,uc003zfv.3,FAM138C,91
6,uc003zfx.3,AY343892,4
7,uc003zfy.3,AY343902,1
8,uc003zfz.4,FOXD4,107
9,uc003zga.4,CBWD1,104
10,uc003zge.4,C9orf66,21
11,uc003zgf.2,DOCK8,63
12,uc003zgn.2,KANK1,66
13,uc003zgv.3,DMRT1,38
14,uc003zgw.2,DMRT3,64
15,uc022bcv.1,U6,0
16,uc003zha.3,DMRT2,94
17,uc003zhc.3,SMARCA2,56
18,uc003zhi.2,FLJ35024,1
19,uc003zhh.1,FLJ35024,1
20,uc003zhk.1,VLDLR,71
21,uc003zho.2,KCNV2,48
22,uc003zhp.1,KIAA0020,72
23,uc022bcx.1,Mir_548,0
24,uc003zhr.3,RFX3,59
25,uc003zhu.3,BC069756,0
26,uc003zhx.1,GLIS3,42
27,uc003zia.3,GLIS3-AS1,29
28,uc022bcy.1,Mir_320,74
29,uc003zij.2,SLC1A1,65
30,uc011llz.2,SPATA6L,44
31,uc003zin.4,PPAPDC2,46
32,uc003zio.3,CDC37L1,59
33,uc003ziq.2,AK3,51
34,uc003zis.2,RCL1,49
35,uc003ziu.1,MIR101-2,67
36,uc003ziw.3,JAK2,67
37,uc022bdb.1,TRNA_Gln,0
38,uc003zix.3,INSL6,87
39,uc003ziy.3,INSL4,49
40,uc003zja.2,RLN2,74
41,uc003zjb.2,RLN1,57
42,uc003zjc.3,PLGRKT,42
43,uc003zje.3,CD274,58
44,uc003zjg.4,PDCD1LG2,63
45,uc003zji.4,KIAA1432,81
46,uc003zjm.1,ERMP1,68
47,uc003zjo.1,MLANA,55
48,uc003zjq.4,KIAA2026,156
49,uc022bde.1,MIR4665,5
50,uc003zjr.3,RANBP6,141
51,uc003zjt.3,IL33,49
52,uc003zjw.3,TPD52L3,85
53,uc003zjy.3,UHRF2,58
54,uc003zkc.3,GLDC,64
55,uc003zkh.3,KDM4C,59
56,uc022bdg.1,DQ580140,94
57,uc022bdh.1,Mir_584,0
58,uc003zkj.3,C9orf123,27
59,uc003zkk.3,PTPRD,43
60,uc003zku.1,AK094342,1
61,uc022bdk.1,SNORD27,0
62,uc022bdl.1,Metazoa_SRP,0
63,uc022bdm.1,JB175300,0
64,uc003zkv.4,TYRP1,40
65,uc003zkw.3,LURAP1L,58
66,uc003zlb.4,MPDZ,68
67,uc003zlc.2,FLJ41200,1
68,uc022bdn.1,LINC00583,26
69,uc003zlf.3,NFIB,43
70,uc022bdq.1,TRNA,0
71,uc003zlg.2,ZDHHC21,40
72,uc003zlh.2,ZDHHC21,42
73,uc003zlj.3,CER1,45
74,uc003zlm.3,FREM1,73
75,uc003zln.1,AK127963,47
76,uc010mid.1,LOC389705,36
77,uc003zlo.1,AK021570,1
78,uc003zlr.2,TTC39B,38
79,uc003zlt.3,SNAPC3,56
80,uc003zlw.4,PSIP1,58
81,uc003zmd.3,CCDC171,45
82,uc003zmg.3,BC042022,1
83,uc031tcu.1,C9orf92,23
84,uc003zmh.1,BX648501,1
85,uc003zml.3,BNC2,41
86,uc003zmy.3,CNTLN,67
87,uc003zna.3,SH3GL2,51
88,uc003zne.4,ADAMTSL1,63
89,uc022bds.1,MIR3152,0
90,uc022bdt.1,7SK,0
91,uc003zni.2,FAM154A,53
92,uc003znj.3,RRAGA,73
93,uc003znk.4,HAUS6,63
94,uc003znn.1,SCARNA8,92
95,uc003zno.3,PLIN2,100
96,uc003znp.1,AK094196,1
97,uc022bdw.1,DQ572382,19
98,uc031tcw.1,DENND4C,85
99,uc003znv.1,RPS6,79
100,uc022bdx.1,TRNA_Met,2
101,uc003zny.1,ACER2,66
102,uc003zoa.2,SLC24A2,57
103,uc003zoe.2,MLLT3,45
104,uc022bdy.1,MIR4473,0
105,uc022bdz.1,U4,0
106,uc022bea.1,MIR4474,0
107,uc003zog.1,FOCAD,42
108,uc022beb.1,MIR491,46
109,uc022bec.1,SNORA30,16
110,uc010mir.1,PTPLAD2,41
111,uc003zok.3,IFNB1,88
112,uc003zol.1,IFNW1,65
113,uc003zom.2,IFNA21,130
114,uc003zon.2,IFNA4,115
115,uc003zop.1,IFNA7,133
116,uc003zoq.1,IFNA10,134
117,uc003zor.1,IFNA16,124
118,uc003zos.1,IFNA17,121
119,uc010mis.3,IFNA14,132
120,uc003zou.1,IFNA22P,75
121,uc011lnh.2,IFNA5,129
122,uc003zoy.3,KLHL9,99
123,uc011lni.2,IFNA6,127
124,uc003zpa.2,IFNA13,135
125,uc003zpb.3,IFNA2,100
126,uc003zpc.1,IFNA8,105
127,uc003zpd.2,IFNA1,125
128,uc003zpe.2,MIR31HG,57
129,uc003zpg.3,IFNE,83
130,uc011lnj.2,MIR31,68
131,uc003zph.3,MTAP,44
132,uc011lnm.3,C9orf53,0
133,uc003zpk.3,CDKN2A,0
134,uc003zpl.3,CDKN2A,0
135,uc022bem.1,CDKN2B-AS1,29
136,uc003zpo.3,CDKN2B,15
137,uc022bep.1,Mir_384,0
138,uc022beq.1,CDKN2B_AS,0
139,uc003zpp.1,DMRTA1,55
140,uc003zpq.1,FLJ35282,31
141,uc003zpr.3,CR627240,1
142,uc003zpu.3,ELAVL2,55
143,uc031tdf.1,Hel-N1,143
144,uc031tdg.1,IZUMO3,48
145,uc022ber.1,JA375049,0
146,uc022bes.1,JA374875,1
147,uc003zpx.3,TUSC1,3
148,uc003zpy.3,BC043546,1
149,uc022bet.1,JA374875,0
150,uc022beu.1,LOC100506422,37
151,uc003zpz.1,DQ598339,0
152,uc031tdh.1,DQ591605,0
153,uc003zqa.1,DQ574229,0
154,uc031tdi.1,DQ599043,0
155,uc031tdj.1,DQ586829,0
156,uc022bev.1,DQ571132,0
157,uc022bew.1,DQ582785,1
158,uc003zqc.3,CAAP1,42
159,uc003zqd.3,PLAA,52
160,uc003zqg.4,IFT74,40
161,uc003zqh.3,LRRC19,48
162,uc003zqi.4,TEK,43
163,uc022bex.1,5S_rRNA,0
164,uc010mjd.2,LINC00032,1
165,uc003zql.3,EQTN,37
166,uc003zqn.3,MOB3B,35
167,uc003zqo.2,AK172755,39
168,uc022bey.1,Mir_544,1
169,uc003zqp.3,IFNK,77
170,uc003zqq.3,C9orf72,38
171,uc022bfb.1,Mir_544,0
172,uc003zqt.3,BX538226,1
173,uc003zqu.2,LINGO2,47
174,uc022bfd.1,MIR876,18
175,uc022bfe.1,MIR873,27
176,uc031tdk.1,LOC401497,1
177,uc003zqw.4,ACO1,46
178,uc003zqz.1,AX747756,1
179,uc003zra.3,DDX58,43
180,uc003zrb.3,TOPORS,107
181,uc022bff.2,TOPORS-AS1,5
182,uc003zre.2,NDUFB6,40
183,uc003zrg.1,TAF1L,113
184,uc003zrh.1,AX747113,112
185,uc003zri.4,TMEM215,47
186,uc003zry.3,APTX,52
187,uc003zsd.1,DNAJA1,51
188,uc022bfk.1,Mir_207,2
189,uc003zsf.1,SMU1,42
190,uc003zsg.2,B4GALT1,29
191,uc022bfl.1,U4atac,1
192,uc003zsh.3,SPINK4,22
193,uc003zsj.3,BAG1,34
194,uc003zsm.4,CHMP5,35
195,uc003zsq.3,NFX1,45
196,uc003zst.3,AQP7,74
197,uc003zsx.3,AQP3,63
198,uc003zsz.3,NOL6,52
199,uc022bfm.1,SUGT1P1,43
200,uc010mjw.2,ANKRD18B,59
201,uc003ztd.1,DQ587539,0
202,uc003zte.1,DQ590589,0
203,uc022bfn.1,DQ590442,0
204,uc022bfo.1,DQ596206,0
205,uc010mjx.3,ANXA2P2,44
206,uc022bfp.1,DJ439583,28
207,uc022bfq.1,DJ439557,42
208,uc022bfr.1,DJ439530,47
209,uc022bfs.1,DJ439561,34
210,uc022bft.1,DQ571524,0
211,uc003zth.4,PTENP1,79
212,uc003ztj.4,PRSS3,84
213,uc003ztm.3,UBE2R2,29
214,uc003ztq.1,UBAP2,44
215,uc010mjz.3,SNORD121A,0
216,uc003ztt.2,DCAF12,36
217,uc022bfv.1,DQ587955,1
218,uc022bfw.1,DQ597117,0
219,uc003ztu.2,DQ594696,25
220,uc003ztv.1,DQ585850,16
221,uc022bfx.1,DQ574810,23
222,uc011loj.2,UBAP1,40
223,uc003zua.4,KIF24,75
224,uc022bga.1,NUDT2,51
225,uc003zue.4,KIAA1161,23
226,uc003zuh.1,C9orf24,36
227,uc011lok.2,FAM219A,36
228,uc003zum.3,DNAI1,42
229,uc022bge.1,7SK,0
230,uc003zun.1,ENHO,13
231,uc003zuq.2,CNTFR,18
232,uc003zur.2,LOC415056,2
233,uc003zuv.3,RPP25L,37
234,uc003zux.1,DCTN3,43
235,uc011lon.2,ARID3C,32
236,uc003zvb.3,SIGMAR1,18
237,uc003zve.4,GALT,56
238,uc011loq.3,IL11RA,34
239,uc003zvm.1,CCL27,42
240,uc003zvn.3,CCL19,30
241,uc003zvo.4,CCL21,36
242,uc011lor.2,FAM205A,64
243,uc003zvp.4,FAM205B,67
244,uc003zvr.3,KIAA1045,39
245,uc003zvs.4,DNAJB5,61
246,uc003zvw.3,C9orf131,120
247,uc022bgi.1,Metazoa_SRP,0
248,uc003zvy.2,VCP,64
249,uc003zwb.1,FANCG,66
250,uc003zwd.3,PIGO,44
251,uc003zwi.3,STOML2,70
252,uc003zwo.3,FAM214B,32
253,uc003zwq.3,UNC13B,44
254,uc010mkn.2,ATP8B5P,36
255,uc003zwv.1,DQ580826,0
256,uc003zww.3,RUSC2,49
257,uc010mkr.3,FAM166B,31
258,uc003zxa.3,TESK1,45
259,uc022bgk.2,MIR4667,33
260,uc003zxb.2,CD72,52
261,uc003zxe.1,SIT1,41
262,uc003zxh.2,RMRP,1
263,uc011lox.2,CCDC107,62
264,uc003zxm.1,ARHGEF39,49
265,uc003zxo.4,CA9,41
266,uc003zxq.3,TPM2,48
267,uc003zxt.2,TLN1,53
268,uc003zxv.3,CREB3,67
269,uc003zxw.3,GBA2,52
270,uc011lpf.2,RGP1,74
271,uc003zyb.2,MSMP,59
272,uc022bgn.1,DQ589555,110
273,uc003zyd.3,NPR2,59
274,uc003zye.3,SPAG8,91
275,uc003zyh.3,HINT2,76
276,uc010mlc.2,FAM221B,56
277,uc003zym.4,TMEM8B,35
278,uc003zyn.4,TMEM8B,29
279,uc003zyp.4,LINC00950,1
280,uc011lph.2,OR13J1,36
281,uc003zyr.1,HRCT1,13
282,uc003zys.1,LOC158376,1
283,uc011lpi.2,OR2S2,61
284,uc003zyv.3,RECK,38
285,uc003zyz.3,GLIPR2,39
286,uc003zzb.4,CCIN,53
287,uc003zzc.3,CLTA,42
288,uc010mli.3,GNE,49
289,uc003zzh.3,RNF38,47
290,uc003zzn.4,MELK,66
291,uc022bgr.1,MIR4475,0
292,uc003zzo.1,PAX5,39
293,uc022bgs.1,MIR4540,0
294,uc022bgt.1,MIR4476,0
295,uc003zzp.2,LOC100506710,1
296,uc003zzq.3,ZCCHC7,77
297,uc003zzu.1,GRHPR,58
298,uc003zzx.3,ZBTB5,85
299,uc003zzy.1,POLR1E,46
300,uc004aaa.3,BC014180,1
301,uc004aab.3,FBXO10,58
302,uc011lql.2,TOMM5,21
303,uc004aag.1,FRMPD1,50
304,uc004aai.3,TRMT10B,40
305,uc004aal.3,EXOSC3,42
306,uc004aan.1,AK098263,1
307,uc004aao.3,DCAF10,56
308,uc004aas.1,BC062753,0
309,uc004aat.2,DQ590189,90
310,uc004aav.2,SLC25A51,106
311,uc004aaw.1,BC021061,1
312,uc004aax.3,SHB,20
313,uc004aay.3,ALDH1B1,48
314,uc004aaz.3,IGFBPL1,29
315,uc004abg.4,ANKRD18A,56
316,uc004abc.1,DQ596352,0
317,uc004abd.1,DQ573539,2
318,uc004abe.2,DQ587539,0
319,uc022bgz.1,DQ590589,0
320,uc004abh.4,FAM201A,4
321,uc022bha.1,U6,0
322,uc004abi.3,CNTNAP3,67
323,uc004abm.3,SPATA31A2,124
324,uc004abn.3,ZNF658B,99
325,uc004abp.3,SPATA31A2,125
326,uc011lqt.2,FAM74A1,64
327,uc004abq.1,DQ586551,76
328,uc004abr.1,CNTNAP3B,49
329,uc022bhb.1,Metazoa_SRP,0
330,uc010mmj.3,SPATA31A3,129
331,uc010mmk.2,FAM74A3,81
332,uc004abs.2,ZNF658,95
333,uc004abt.4,SPATA31A4,107
334,uc004abu.4,SPATA31A5,107
335,uc004abv.1,BC121813,78
336,uc004abx.3,ZNF658B,100
337,uc010mmr.2,MGC21881,52
338,uc011lqu.1,KGFLP2,80
339,uc031tdu.1,LOC643648,1
340,uc004acc.5,LOC554249,50
341,uc004acd.3,ANKRD20A3,98
342,uc011lqv.1,DQ573253,0
343,uc022bhc.1,DQ590943,0
344,uc004ace.3,DQ588135,0
345,uc011lqw.1,DQ593719,0
346,uc004acf.1,DQ587539,0
347,uc004acg.3,FAM95B1,17
348,uc004acj.1,AK094644,13
349,uc004ack.3,CBWD5,68
350,uc004acn.3,FOXD4L2,71
351,uc010mmw.3,AK310876,8
352,uc031tdv.1,LOC286297,72
353,uc004acq.4,AQP7P3,71
354,uc004acr.1,AK094644,17
355,uc010mmz.3,FAM95B1,19
356,uc011lqx.1,DQ582260,0
357,uc011lqy.2,DQ579969,0
358,uc011lqz.2,DQ570938,0
359,uc022bhe.1,DQ581981,0
360,uc011lra.1,DQ593430,3
361,uc004acw.1,ANKRD20A3,94
362,uc004acy.4,LOC642929,9
363,uc011lrb.2,SPATA31A6,197
364,uc004ada.2,CNTNAP3B,73
365,uc022bhf.1,DQ574527,11
366,uc011lrc.1,DQ600788,19
367,uc022bhg.1,DQ586768,0
368,uc022bhh.1,DQ587539,0
369,uc022bhi.1,DQ579969,0
370,uc004add.2,DQ570938,0
371,uc004adg.2,LOC643648,1
372,uc022bhj.1,Y_RNA,1
373,uc004adh.4,FAM27C,35
374,uc004adi.4,FAM27E3,9
375,uc010mnd.3,LOC100132167,2
376,uc004adn.4,FAM27A,44
377,uc022bhl.1,Y_RNA,1
378,uc022bhm.1,Y_RNA,0
379,uc004adp.4,LOC554249,48
380,uc031tdw.1,KGFLP1,47
381,uc004adr.1,AK126080,1
382,uc031tdy.1,LOC643648,1
383,uc004adu.3,AL953854.2-002,67
384,uc004adv.2,FAM74A4,72
385,uc004adx.4,SPATA31A5,103
386,uc004ady.3,AL953854.2-002,67
387,uc022bhn.1,DQ574527,11
388,uc022bho.1,DQ600787,17
389,uc022bhp.1,DQ586768,0
390,uc022bhq.1,DQ587539,0
391,uc022bhr.1,DQ579969,0
392,uc004aea.1,DQ570938,0
393,uc010mng.1,AK308561,3
394,uc004aec.3,CR627148,3
395,uc004aee.1,X97876,25
396,uc010mnh.1,AK309896,62
397,uc004aeg.5,BC000869,25
398,uc004aej.3,BC065763,10
399,uc010mnj.3,AK310876,10
400,uc031tdz.1,LOC286297,88
401,uc004aeo.1,AQP7P1,80
402,uc004aer.3,FAM27E3,21
403,uc004aes.1,DQ594366,36
404,uc004aet.4,FAM27B,37
405,uc004aeu.3,ANKRD20A3,94
406,uc004aew.1,AK308561,4
407,uc004aex.3,BC080605,10
408,uc022bht.1,LOC642236,134
409,uc022bhu.1,LOC100132352,57
410,uc004afb.1,AK096159,35
411,uc004afc.3,AX747850,1
412,uc010mnq.2,AK311167,49
413,uc004aff.4,PGM5P2,59
414,uc010mnt.1,LOC440896,2
415,uc004afi.2,FOXD4L6,79
416,uc004afj.4,CBWD6,81
417,uc011lrg.1,LOC441426,21
418,uc004afn.3,ANKRD20A4,92
419,uc011lrh.1,DQ581988,0
420,uc022bhv.1,DQ593719,0
421,uc022bhw.1,DQ587539,0
422,uc011lri.1,DQ582260,0
423,uc022bhx.1,DQ596206,0
424,uc004afr.3,BC064148,20
425,uc011lrj.1,DQ584320,3
426,uc011lrk.1,DQ593554,5
427,uc004afu.3,BC070322,48
428,uc004afv.2,LOC100133920,83
429,uc010moa.3,AK310876,8
430,uc010moc.3,FOXD4L5,65
431,uc004afw.3,CBWD5,90
432,uc010mod.3,AK310876,10
433,uc004afx.1,FOXD4L2,70
434,uc004aga.4,CBWD3,78
435,uc004agf.2,AK056618,1
436,uc004agi.4,CBWD3,81
437,uc004agm.1,FOXD4L3,81
438,uc004agp.3,PGM5-AS1,4
439,uc004agr.3,PGM5,36
440,uc004ags.1,AK130904,22
441,uc004agt.3,TMEM252,21
442,uc004agu.4,PIP5K1B,36
443,uc004agw.1,FAM122A,60
444,uc004agx.1,AK057188,1
445,uc004agy.3,PRKACG,28
446,uc004aha.2,FXN,27
447,uc011lrv.2,TJP2,27
448,uc004ahc.1,AK096834,1
449,uc031tea.1,BANCR,1
450,uc010mon.1,FAM189A2,26
451,uc004ahh.2,APBA1,25
452,uc004ahj.4,PTAR1,45
453,uc004ahk.3,BC039385,1
454,uc004ahl.3,C9orf135,24
455,uc004ahm.2,MAMDC2,29
456,uc004aho.1,LOC100507244,20
457,uc004ahp.1,LOC100507244,23
458,uc004ahq.1,LOC100507299,35
459,uc022bhz.1,LOC100507299,36
460,uc004ahr.2,SMC5,31
461,uc004ahs.1,AX748336,1
462,uc004aht.3,KLF9,23
463,uc004aid.3,TRPM3,29
464,uc004aih.1,MIR204,48
465,uc011lsa.1,TMEM2,31
466,uc004ail.3,ABHD17B,30
467,uc004ain.3,C9orf85,26
468,uc004aip.3,C9orf57,28
469,uc004air.3,GDA,28
470,uc022bia.1,5S_rRNA,0
471,uc004aiu.1,AK095210,1
472,uc004aiy.2,ZFAND5,35
473,uc004aiz.1,TMC1,34
474,uc004ajd.3,ALDH1A1,30
475,uc004ajf.1,ANXA1,33
476,uc004ajh.3,RORB,28
477,uc004ajk.1,TRPM6,30
478,uc022bic.1,7SK,14
479,uc022bid.1,TRNA_Asp,0
480,uc004ajo.4,C9orf40,30
481,uc004ajp.3,BC043649,29
482,uc004ajq.3,C9orf41,30
483,uc004ajr.4,NMRK1,24
484,uc004ajv.4,OSTF1,17
485,uc022bie.1,MIR548H3,1
486,uc004akc.2,PCSK5,32
487,uc004akd.2,RFK,38
488,uc011lsj.1,RPSAP9,56
489,uc004akf.4,GCNT1,43
490,uc010mpk.3,PRUNE2,56
491,uc004akm.2,PCA3,1
492,uc022bii.1,PCA3_1,0
493,uc004ako.1,FOXB2,12
494,uc022bij.1,VPS13A-AS1,6
495,uc004akr.3,VPS13A,32
496,uc004aku.3,GNA14,28
497,uc004akw.3,GNAQ,21
498,uc004aky.4,CEP78,35
499,uc004ala.3,PSAT1,30
500,uc004alc.3,TLE4,32
501,uc004alg.3,DQ575560,0
502,uc004alh.1,DQ583878,1
503,uc004ali.3,DQ589820,0
504,uc004alj.1,DQ580124,0
505,uc004alk.2,DQ595182,0
506,uc004all.2,DQ596925,0
507,uc004alm.2,DQ597713,0
508,uc004aln.1,DQ586158,0
509,uc022bik.1,DQ588659,0
510,uc022bil.1,DQ599976,2
511,uc004alo.3,DQ574305,3
512,uc022bim.1,DQ600106,0
513,uc004alp.2,DQ574306,0
514,uc004alq.2,DQ599155,1
515,uc022bin.1,DQ574330,0
516,uc004alr.2,DQ579956,0
517,uc004als.1,DQ594965,2
518,uc004alt.1,DQ596802,0
519,uc004alu.1,DQ574826,0
520,uc004alv.2,DQ592136,0
521,uc004alw.2,DQ577348,0
522,uc022bio.1,DQ593172,0
523,uc022bip.1,DQ592375,0
524,uc022biq.1,DQ570523,0
525,uc004alx.1,DQ573195,0
526,uc022bir.1,DQ591664,0
527,uc004aly.3,TLE1,26
528,uc004amd.3,BC036431,1
529,uc011lst.2,SPATA31D5P,70
530,uc004ame.3,DQ592725,64
531,uc022bis.1,DQ577940,86
532,uc022bit.1,DQ578305,73
533,uc004amf.1,DQ582032,11
534,uc004amg.3,DQ584769,0
535,uc004amh.2,SPATA31D4,82
536,uc004ami.1,AK097447,82
537,uc004amj.1,DQ577940,102
538,uc022biu.1,DQ578305,78
539,uc004amk.1,DQ582032,8
540,uc004aml.3,DQ584769,0
541,uc010mpt.2,SPATA31D3,81
542,uc004amm.1,DQ577940,88
543,uc022biv.1,DQ578305,72
544,uc004amn.3,SPATA31D1,90
545,uc022biw.1,Mir_544,0
546,uc022bix.1,DQ588544,0
547,uc022biy.1,Mir_1302,0
548,uc004amo.2,RASEF,36
549,uc004ams.2,FRMD3,28
550,uc004amu.3,IDNK,34
551,uc004amv.3,UBQLN1,40
552,uc004amx.3,AK300656,1
553,uc004amy.3,GKAP1,33
554,uc004ana.4,KIF27,29
555,uc004anb.3,C9orf64,20
556,uc004anf.4,HNRNPK,25
557,uc004ano.1,MIR7-1,8
558,uc004anq.4,RMI1,32
559,uc004ant.3,BX537783,17
560,uc010mpz.3,SLC28A3,26
561,uc004anz.1,NTRK2,24
562,uc010mqc.3,AGTPBP1,28
563,uc004aog.2,LOC389765,32
564,uc022bjc.1,AK124523,56
565,uc004aoi.4,NAA35,28
566,uc004aol.3,GOLM1,28
567,uc031teh.1,C9orf153,25
568,uc004aop.3,ISCA1,46
569,uc004aoq.3,ZCCHC6,37
570,uc004aox.4,GAS1,6
571,uc004aoy.3,LOC100506834,1
572,uc010mqg.4,LOC440173,27
573,uc022bjd.1,LOC494127,16
574,uc004apa.1,C9orf170,20
575,uc004apb.2,BC093087,3
576,uc004apd.3,DAPK1,26
577,uc004apk.4,CTSL1,38
578,uc004apm.1,CTSL3P,25
579,uc004apn.1,L25629,19
580,uc022bje.2,CTSL1P8,8
581,uc022bjf.1,LOC392364,53
582,uc004app.4,SPATA31E1,32
583,uc010mqi.3,SPATA31C1,91
584,uc022bjg.1,DQ578031,82
585,uc022bjh.1,DQ586768,0
586,uc022bji.1,DQ596352,0
587,uc004apr.3,CDK20,24
588,uc022bjk.1,DQ590442,0
589,uc004apw.1,DQ596206,0
590,uc011lti.2,SPATA31C2,86
591,uc004apx.1,DQ587746,61
592,uc004apy.3,SPIN1,26
593,uc011ltj.2,NXNL2,7
594,uc010mql.1,LOC286238,22
595,uc022bjl.1,MIR4289,0
596,uc004aqc.2,C9orf47,14
597,uc004aqe.4,S1PR3,23
598,uc004aqf.2,SHC3,24
599,uc004aqh.3,CKS2,21
600,uc022bjn.1,MIR3153,0
601,uc004aqj.1,SECISBP2,31
602,uc004aqo.1,SEMA4D,25
603,uc004aqq.3,GADD45G,8
604,uc004aqs.2,UNQ6494,1
605,uc022bjo.1,LOC286370,1
606,uc022bjp.1,MIR4290,0
607,uc004aqt.3,LOC340515,1
608,uc022bjq.1,DQ584857,0
609,uc022bjr.1,DQ597036,0
610,uc011ltp.2,DQ601751,0
611,uc011ltq.1,DQ579694,0
612,uc004aqv.3,DQ585001,0
613,uc004aqw.3,DQ593488,0
614,uc004aqx.1,DIRAS2,39
615,uc004aqz.3,SYK,27
616,uc004ard.1,LOC100129316,1
617,uc004are.1,AK095132,1
618,uc004arf.4,AUH,21
619,uc004arh.3,NFIL3,65
620,uc004arj.2,ROR2,25
621,uc022bju.1,MIR3910-1,0
622,uc022bjv.1,MIR3910-2,0
623,uc004arl.1,SPTLC1,38
624,uc004aro.1,LOC100128076,1
625,uc004arp.1,LINC00475,15
626,uc004aru.4,IARS,30
627,uc010mqv.3,SNORA84,0
628,uc022bjx.1,NOL8,50
629,uc004arz.3,CENPP,32
630,uc004asa.3,OGN,26
631,uc004asd.4,OMD,44
632,uc004ase.2,ASPN,30
633,uc011lty.2,ECM2,38
634,uc022bjz.1,MIR4670,0
635,uc004asl.1,IPPK,19
636,uc004asm.3,LOC100128361,2
637,uc004asn.1,AX746834,1
638,uc004asp.1,BICD2,17
639,uc011lua.1,ANKRD19P,35
640,uc022bka.1,BC016143,1
641,uc004asu.2,ZNF484,48
642,uc022bkb.1,DQ573684,0
643,uc004asz.2,FGD3,18
644,uc004atb.3,SUSD3,17
645,uc004atd.3,C9orf89,12
646,uc004atg.4,NINJ1,12
647,uc004atj.3,WNK2,21
648,uc010mre.3,C9orf129,25
649,uc022bkc.1,BC039686,1
650,uc004atu.4,FAM120AOS,31
651,uc011lue.1,DQ594798,6
652,uc004atw.3,FAM120A,31
653,uc004aub.3,PHF2,18
654,uc022bkd.1,MIR4291,0
655,uc010mrh.3,BARX1,7
656,uc022bke.1,JB148981,0
657,uc010mrj.2,PTPDC1,34
658,uc022bkf.2,JB153432,16
659,uc022bkg.1,DM119500,28
660,uc022bkh.1,DM119504,10
661,uc004auk.4,MIRLET7DHG,2
662,uc004aul.2,MIRLET7D,5
663,uc004aum.1,ZNF169,24
664,uc004aup.1,NUTM2F,39
665,uc004auq.1,LOC100132077,24
666,uc004aur.3,HIATL1,29
667,uc004aut.1,BC080653,31
668,uc004auv.3,FBP2,24
669,uc004auw.4,FBP1,15
670,uc004ava.3,C9orf3,28
671,uc022bkj.1,MIR2278,0
672,uc004avf.3,AL137535,1
673,uc004avg.4,MIR23B,7
674,uc022bkk.1,MIR3074,13
675,uc004avh.3,FANCC,25
676,uc004avj.3,BC041030,43
677,uc004avk.4,PTCH1,24
678,uc022bkm.1,LOC100507346,34
679,uc004avp.4,LINC00476,21
680,uc004avt.4,ERCC6L2,27
681,uc022bkn.1,DQ588075,13
682,uc004avx.4,LINC00092,1
683,uc004avy.4,LOC158435,1
684,uc031teo.1,LOC158434,1
685,uc004awa.1,HSD17B3,29
686,uc004awc.3,SLC35D2,24
687,uc004awf.3,ZNF367,38
688,uc010msg.3,HABP4,22
689,uc004awj.3,CDC14B,28
690,uc004awm.3,AAED1,36
691,uc011luo.1,LOC441455,26
692,uc004awn.1,ZNF510,43
693,uc004awp.1,ZNF782,43
694,uc022bko.1,LOC100132781,4
695,uc011luq.2,LOC441454,27
696,uc022bkp.1,NUTM2G,45
697,uc004aws.3,HIATL2,32
698,uc004awt.3,CTSL2,32
699,uc004awv.3,LOC340508,5
700,uc004aww.1,AX747261,37
701,uc022bkq.1,DQ586768,0
702,uc022bkr.1,DQ578098,0
703,uc004awy.3,DQ587539,0
704,uc022bks.1,DQ590589,0
705,uc022bkt.1,DQ579969,0
706,uc004axb.2,BC070371,1
707,uc010msl.1,AK309476,81
708,uc004axd.2,ZNF322,131
709,uc004axg.2,CCDC180,28
710,uc011luu.2,LOC100499484,29
711,uc010msn.3,LOC286359,1
712,uc004axj.3,TDRD7,31
713,uc004axl.2,TMOD1,26
714,uc004axn.3,TSTD2,37
715,uc004axq.3,NCBP1,30
716,uc004axr.4,XPA,34
717,uc004axt.1,AX746764,0
718,uc004axu.3,FOXE1,10
719,uc004axv.1,C9orf156,31
720,uc004axy.4,HEMGN,58
721,uc004aya.3,ANP32B,18
722,uc004ayc.3,NANS,21
723,uc004ayd.2,TRIM14,21
724,uc004aym.3,CORO2A,23
725,uc011lvb.2,TBC1D2,24
726,uc004ays.3,GABBR2,24
727,uc004ayu.3,ANKS6,16
728,uc004ayz.3,GALNT12,27
729,uc004azb.2,COL15A1,28
730,uc004azc.3,TGFBR1,31
731,uc022bkv.1,5S_rRNA,1
732,uc004azf.3,ALG2,40
733,uc004azh.3,SEC61B,24
734,uc004azm.2,NAMA,1
735,uc022bkw.1,NAMA_1,0
736,uc022bkx.1,NAMA_2,1
737,uc004bad.1,AK057451,1
738,uc004baf.1,NR4A3,29
739,uc004baj.4,LOC441461,1
740,uc004bal.4,STX17,35
741,uc004bam.3,ERP44,31
742,uc004bap.2,INVS,27
743,uc004bas.3,TEX10,39
744,uc004bav.1,AK056351,4
745,uc004bay.2,MSANTD3-TMEFF1,29
746,uc004bba.3,MURC,39
747,uc022blc.1,DQ580140,44
748,uc004bbb.3,LPPR1,23
749,uc010mtd.3,BAAT,32
750,uc004bbe.2,MRPL50,39
751,uc004bbh.2,ZNF189,43
752,uc004bbk.2,ALDOB,28
753,uc004bbl.1,AK094413,0
754,uc004bbm.3,TMEM246,31
755,uc004bbn.3,RNF20,40
756,uc004bbp.2,GRIN3A,36
757,uc004bbr.3,PPP3R2,34
758,uc004bbs.2,CYLC2,42
759,uc004bbt.3,BC035187,17
760,uc011lvl.2,SMC2,32
761,uc011lvm.2,OR13F1,57
762,uc011lvn.2,OR13C4,60
763,uc004bcb.1,OR13C3,67
764,uc011lvo.2,OR13C8,63
765,uc011lvp.2,OR13C5,74
766,uc011lvq.2,OR13C2,82
767,uc011lvr.2,OR13C9,68
768,uc011lvs.2,OR13D1,84
769,uc004bci.3,NIPSNAP3B,31
770,uc004bck.4,LOC286367,1
771,uc004bcl.3,ABCA1,31
772,uc010mti.1,ABCA1,0
773,uc010mtj.1,AK311445,1
774,uc022blg.1,7SK,0
775,uc004bcn.3,SLC44A1,33
776,uc004bcq.2,FSD1L,38
777,uc004bcs.3,FKTN,29
778,uc004bct.3,TAL2,17
779,uc004bcu.2,TMEM38B,38
780,uc004bcw.3,BC039487,1
781,uc004bcx.3,BC017988,1
782,uc004bcy.1,AK093363,1
783,uc022blh.1,5S_rRNA,0
784,uc004bcz.3,ZNF462,47
785,uc022bli.1,MIR548Q,47
786,uc004bdc.1,AK097706,16
787,uc004bde.3,RAD23B,30
788,uc004bdg.3,KLF4,23
789,uc022bll.1,5S_rRNA,0
790,uc004bdi.3,ACTL7B,24
791,uc004bdj.1,ACTL7A,25
792,uc004bdm.4,IKBKAP,29
793,uc004bdn.3,FAM206A,29
794,uc004bdo.1,CTNNAL1,27
795,uc022blm.1,5_8S_rRNA,7
796,uc004bdt.4,TMEM245,29
797,uc004bdu.1,MIR32,41
798,uc004bdv.3,AL390170,0
799,uc004bdw.1,FRRS1L,36
800,uc004bdx.1,AX747119,1
801,uc004bdy.2,AX747119,0
802,uc004bdz.1,EPB41L4B,25
803,uc004bed.2,PTPN3,23
804,uc004bej.4,PALM2-AKAP2,27
805,uc022blo.1,Mir_548,0
806,uc022blp.1,TRNA_Arg,0
807,uc011lwk.2,C9orf152,29
808,uc004bep.2,TXN,17
809,uc004bes.3,TXNDC8,28
810,uc010mtz.3,SVEP1,52
811,uc022blr.1,U6,1
812,uc022bls.1,U6,0
813,uc022blv.1,MUSK,52
814,uc004bfc.3,LPAR1,35
815,uc022blw.1,Y_RNA,0
816,uc011lwp.2,OR2K2,41
817,uc004bfe.1,KIAA0368,42
818,uc022blx.1,5S_rRNA,1
819,uc004bff.2,ZNF483,38
820,uc004bfh.2,PTGR1,23
821,uc022bly.1,LRRC37A5P,36
822,uc004bfl.3,DNAJC25,32
823,uc004bfr.3,C9orf84,34
824,uc004bft.3,UGCG,28
825,uc022blz.1,MIR4668,36
826,uc022bma.1,MIR3134,29
827,uc004bfu.3,SUSD1,31
828,uc004bfx.3,PTBP3,28
829,uc022bmb.1,5S_rRNA,0
830,uc004bga.2,HSDL2,24
831,uc004bge.1,AK131020,13
832,uc004bgf.1,KIAA1958,40
833,uc004bgg.3,INIP,39
834,uc004bgj.4,SNX30,26
835,uc022bmc.1,TRNA_Trp,0
836,uc004bgk.3,SLC46A2,20
837,uc011lwy.2,ZNF883,27
838,uc004bgm.1,ZFP37,48
839,uc004bgn.5,FAM225B,1
840,uc004bgo.3,FAM225A,2
841,uc004bgq.3,SLC31A2,49
842,uc004bgs.2,FKBP15,35
843,uc004bgu.3,SLC31A1,31
844,uc004bgw.2,CDC26,69
845,uc004bgx.3,PRPF4,35
846,uc004bgz.3,RNF183,16
847,uc004bhb.3,WDR31,1
848,uc004bhe.3,WDR31,26
849,uc004bhg.4,BSPRY,21
850,uc004bhi.1,HDHD3,33
851,uc011lxf.2,ALAD,12
852,uc031tet.1,POLE3,16
853,uc004bhp.3,C9orf43,30
854,uc004bhq.4,RGS3,25
855,uc022bmf.1,Mir_584,7
856,uc004bic.3,ZNF618,27
857,uc004bie.4,AMBP,16
858,uc004bif.3,KIF12,21
859,uc011lxl.2,COL27A1,23
860,uc011lxm.2,MIR455,18
861,uc004bik.4,ORM1,23
862,uc004bis.3,AKNA,19
863,uc004biz.4,DFNB31,17
864,uc004bjc.3,ATP6V1G1,17
865,uc004bjd.4,C9orf91,21
866,uc022bmg.1,LOC100505478,1
867,uc004bjh.3,TNFSF15,29
868,uc022bmh.1,Mir_633,0
869,uc004bji.2,TNFSF8,34
870,uc004bjj.4,TNC,34
871,uc004bjk.1,1-Dec,14
872,uc022bmk.1,U2,0
873,uc004bjm.3,LINC00474,16
874,uc004bjn.3,PAPPA,27
875,uc004bjt.2,ASTN2,23
876,uc004bju.1,LOC100128505,1
877,uc004bjx.2,TRIM32,35
878,uc022bmp.1,SNORA70C,19
879,uc022bmq.1,7SK,0
880,uc004bjz.4,TLR4,42
881,uc004bkc.2,DBC1,28
882,uc011lxv.1,MIR147A,33
883,uc022bmr.1,TRNA,0
884,uc004bkf.4,CDK5RAP2,28
885,uc022bms.1,MEGF9,48
886,uc004bkm.1,FBXW2,33
887,uc011lyd.1,LOC100288842,51
888,uc004bko.4,PSMD5,36
889,uc004bkq.3,LOC253039,1
890,uc004bks.1,PHF19,22
891,uc010mvl.2,TRAF1,28
892,uc004bkv.3,C5,30
893,uc004bkx.1,CNTRL,34
894,uc004blc.3,RAB14,30
895,uc004blf.1,GSN,20
896,uc004blh.4,STOM,28
897,uc004bll.1,GGTA1P,17
898,uc022bmt.1,Metazoa_SRP,1
899,uc004bln.3,DAB2IP,16
900,uc011lyl.2,TTLL11,22
901,uc004bls.1,BC039180,1
902,uc022bmu.1,Mir_584,0
903,uc022bmv.1,MIR4478,0
904,uc004blv.3,NDUFA8,21
905,uc004blw.2,MORN5,18
906,uc004blx.4,LHX6,8
907,uc004bma.2,RBM18,22
908,uc010mwa.3,MRRF,40
909,uc004bmg.2,PTGS1,24
910,uc011lyv.2,OR1J2,0
911,uc011lyu.2,OR1J1,0
912,uc011lyw.2,OR1J4,0
913,uc004bmn.1,OR1N1,0
914,uc011lyx.2,OR1N2,0
915,uc004bmp.1,OR1L8,0
916,uc011lyy.2,OR1Q1,0
917,uc011lyz.2,OR1B1,0
918,uc022bmz.1,OR1L1,0
919,uc011lzb.2,OR1L3,0
920,uc004bmu.1,OR1L4,0
921,uc022bna.1,OR1L6,0
922,uc011lzd.2,OR5C1,0
923,uc011lze.2,OR1K1,0
924,uc004bmy.3,BC010186,0
925,uc004bmz.2,PDCL,0
926,uc004bnb.1,AL833455,1
927,uc010mwc.1,RC3H2,1
928,uc004bnf.1,SNORD90,0
929,uc004bnh.4,ZBTB6,1
930,uc004bnk.3,ZBTB26,2
931,uc011lzh.2,RABGAP1,1
932,uc011lzk.3,GPR21,0
933,uc004bnp.4,MIR600HG,0
934,uc004bnq.3,DQ582309,0
935,uc004bns.3,STRBP,1
936,uc004bnx.1,CRB2,0
937,uc004bnz.1,DENND1A,22
938,uc022bnd.1,MIR601,0
939,uc022bne.1,TRNA_Gln,0
940,uc004bod.1,AK131516,1
941,uc004boe.1,LHX2,21
942,uc004boh.3,NEK6,19
943,uc004boj.4,PSMB7,21
944,uc010mwl.3,LOC100129034,15
945,uc010mwn.3,GPR144,7
946,uc004boo.1,NR5A1,20
947,uc004bor.1,NR6A1,23
948,uc004bos.3,AB074162,0
949,uc004bot.3,MIR181A2,18
950,uc004bou.3,MIR181B2,10
951,uc004bov.3,OLFML2A,18
952,uc011lzo.3,WDR38,23
953,uc004boy.1,RPL35,19
954,uc004bpa.4,ARPC5L,19
955,uc004bpc.3,GOLGA1,31
956,uc004bpd.3,SCAI,27
957,uc004bpf.2,AX748313,1
958,uc004bpg.4,PPP6C,31
959,uc004bpi.3,RABEPK,29
960,uc004bpn.3,HSPA5,37
961,uc004bpr.3,GAPVD1,33
962,uc004bpv.3,MAPKAP1,29
963,uc004bqb.3,PBX3,23
964,uc004bqf.1,BC031239,0
965,uc004bqh.2,MVB12B,26
966,uc022bnj.1,NRON,1
967,uc022bnk.1,SNORD116,0
968,uc022bnl.1,Mir_1302,9
969,uc004bqj.3,LMX1B,8
970,uc004bqk.1,AX747444,1
971,uc010mxf.3,ZBTB43,30
972,uc004bqm.4,ZBTB34,66
973,uc004bqo.2,RALGPS1,23
974,uc004bqr.1,ANGPTL2,32
975,uc011mae.2,GARNL3,34
976,uc004bqu.4,SLC2A8,22
977,uc004bqw.4,ZNF79,34
978,uc004bqy.2,RPL12,36
979,uc004bra.1,SNORA65,33
980,uc004brd.2,LRSAM1,17
981,uc004brf.1,AX747547,6
982,uc004brh.3,FAM129B,20
983,uc004brk.2,STXBP1,25
984,uc022bnp.1,MIR3911,56
985,uc004bro.3,PTRH1,18
986,uc004brn.1,C9orf117,17
987,uc004brq.1,TTC16,17
988,uc004brs.4,TOR2A,13
989,uc004bsc.3,SH2D3C,18
990,uc022bnr.1,MIR3960,2
991,uc004bse.2,CDK9,20
992,uc004bsg.1,FPGS,22
993,uc031tfe.1,ENG,3
994,uc004bsj.5,ENG,17
995,uc004bsl.1,AK057719,15
996,uc022bns.1,Y_RNA,0
997,uc022bnt.1,5S_rRNA,0
998,uc004bsm.4,AK1,12
999,uc022bnu.1,MIR4672,0
1000,uc004bso.1,ST6GALNAC6,14
1001,uc004bss.3,ST6GALNAC4,14
1002,uc011mao.2,PIP5KL1,9
1003,uc004bsv.2,DPM2,14
1004,uc004bsx.2,FAM102A,18
1005,uc004bta.3,NAIF1,25
1006,uc004btb.4,SLC25A25,26
1007,uc004btg.1,LOC100289019,1
1008,uc004bti.4,PTGES2,14
1009,uc004btn.3,LOC389791,0
1010,uc004bto.1,LCN2,30
1011,uc004btp.1,C9orf16,8
1012,uc011mas.2,CIZ1,24
1013,uc022bob.1,DNM1,28
1014,uc004bue.1,MIR199B,11
1015,uc022boc.1,MIR3154,2
1016,uc004buf.1,DQ575742,26
1017,uc011maw.2,GOLGA2,32
1018,uc004bui.3,DQ571464,29
1019,uc022bod.1,JB175342,68
1020,uc022boe.1,DQ583972,74
1021,uc022bof.1,Metazoa_SRP,9
1022,uc022bog.1,DQ583692,41
1023,uc004bun.2,DQ594309,13
1024,uc004bup.3,SWI5,26
1025,uc004buq.1,TRUB2,19
1026,uc004bur.4,COQ4,17
1027,uc022boh.1,TRNA_Arg,0
1028,uc004but.3,SLC27A4,28
1029,uc011may.2,URM1,30
1030,uc004bux.1,MIR219-2,2
1031,uc022boi.1,MIR2964A,2
1032,uc004buz.4,CERCAM,21
1033,uc004bvc.3,ODF2,21
1034,uc004bvg.3,BC094874,6
1035,uc004bvj.3,GLE1,31
1036,uc022bok.1,U7,0
1037,uc004bvm.4,SPTAN1,29
1038,uc004bvq.1,WDR34,17
1039,uc022bol.1,SET,30
1040,uc004bvv.1,Y16709,0
1041,uc004bvw.3,PKN3,21
1042,uc004bvy.3,ZDHHC12,16
1043,uc031tfi.1,LOC100506100,4
1044,uc004bwa.2,ZER1,22
1045,uc010myj.3,TBC1D13,21
1046,uc004bwc.3,ENDOG,6
1047,uc004bwd.3,C9orf114,24
1048,uc004bwh.3,CCBL1,26
1049,uc010myp.3,LRRC8A,27
1050,uc004bwp.2,PHYHD1,25
1051,uc004bwr.3,DOLK,42
1052,uc004bws.2,NUP188,32
1053,uc004bwv.3,SH3GLB2,15
1054,uc004bxa.3,FAM73B,16
1055,uc004bxc.3,DOLPP1,23
1056,uc004bxh.3,CRAT,18
1057,uc004bxm.2,PPP2R4,23
1058,uc010myt.1,IER5L,5
1059,uc010myu.1,AK308944,25
1060,uc004bxs.2,C9orf106,16
1061,uc004bxt.1,AX747401,1
1062,uc004bxu.3,BC094873,1
1063,uc004bxy.2,LOC100506190,37
1064,uc004bya.1,BC037833,1
1065,uc004byc.4,C9orf50,19
1066,uc004byd.1,NTMT1,23
1067,uc004byf.2,ASB6,18
1068,uc004byh.3,PRRX2,10
1069,uc022bop.1,Mir_652,0
1070,uc004byi.3,PTGES,15
1071,uc004byk.1,TOR1B,29
1072,uc004byl.3,TOR1A,33
1073,uc004byp.3,C9orf78,25
1074,uc004byr.3,USP20,22
1075,uc004byw.1,FNBP1,43
1076,uc004bzd.2,GPR107,23
1077,uc022boq.1,Mir_562,0
1078,uc004bzf.3,AK026244,4
1079,uc004bzg.2,GPR107,2
1080,uc004bzh.1,AK128673,30
1081,uc004bzi.2,NCS1,13
1082,uc004bzj.3,DKFZp434P0216,12
1083,uc004bzl.3,AK074396,19
1084,uc004bzm.3,ASS1,20
1085,uc011mby.2,LOC100272217,1
1086,uc004bzr.1,FUBP3,19
1087,uc004bzt.1,PRDM12,12
1088,uc004bzu.2,EXOSC2,27
1089,uc004bzv.3,ABL1,28
1090,uc004bzx.1,AX748265,1
1091,uc011mcb.2,QRFP,29
1092,uc004bzz.3,FIBCD1,9
1093,uc004caa.1,LAMC3,16
1094,uc004cad.2,AIF1L,25
1095,uc004cag.3,NUP214,34
1096,uc004cak.3,FAM78A,17
1097,uc004cal.2,PPAPDC3,14
1098,uc004can.4,PRRC2B,30
1099,uc004caq.3,SNORD62A,39
1100,uc004car.3,SNORD62A,74
1101,uc004cas.1,LQFBS-1,1
1102,uc004cav.3,POMT1,28
1103,uc031tfj.1,UCK1,22
1104,uc022bos.1,RAPGEF1,25
1105,uc022bow.1,DD413682,18
1106,uc004cbe.2,MED27,16
1107,uc004cbh.2,NTNG2,12
1108,uc004cbk.3,SETX,42
1109,uc004cbl.3,TTF1,41
1110,uc004cbn.3,C9orf171,14
1111,uc004cbp.1,BARHL1,23
1112,uc004cbq.1,DDX31,26
1113,uc010mzv.3,GTF3C4,38
1114,uc004cbu.1,AK8,16
1115,uc004cby.1,C9orf9,31
1116,uc004cca.2,TSC1,29
1117,uc004ccf.3,AJ011378,2
1118,uc004ccg.3,GFI1B,11
1119,uc004ccj.4,GTF3C5,22
1120,uc010naa.2,CEL,24
1121,uc011mcu.1,CELP,17
1122,uc004ccr.3,RALGDS,17
1123,uc004ccz.3,OBP2B,20
1124,uc004cda.1,ABO,28
1125,uc004cdb.4,SURF6,32
1126,uc004cdc.3,MED22,22
1127,uc004cde.1,RPL7A,50
1128,uc010nah.3,SNORD24,53
1129,uc010nai.1,SNORD36B,50
1130,uc010naj.3,SNORD36A,76
1131,uc010nak.3,SNORD36C,67
1132,uc004cdh.1,SURF1,62
1133,uc004cdi.2,SURF2,39
1134,uc004cdj.3,SURF4,27
1135,uc004cdk.3,C9orf96,33
1136,uc004cdm.3,REXO4,49
1137,uc004cdv.4,ADAMTS13,25
1138,uc011mdh.1,CACFD1,28
1139,uc004cee.3,SLC2A6,22
1140,uc011mdk.2,TMEM8C,23
1141,uc004cei.3,ADAMTSL2,33
1142,uc011mdm.2,FAM163B,6
1143,uc004cel.3,DBH,21
1144,uc031tfk.1,DBH-AS1,23
1145,uc004cep.4,SARDH,25
1146,uc004ces.3,VAV2,20
1147,uc004ceu.3,LINC00094,1
1148,uc004cew.3,BRD3,27
1149,uc004cey.3,WDR5,36
1150,uc010nap.1,RNU6ATAC,0
1151,uc004cfa.1,RXRA,11
1152,uc004cfb.2,RXRA,20
1153,uc022bpa.1,MIR4669,0
1154,uc031tfl.1,COL5A1,23
1155,uc004cff.3,LOC101448202,18
1156,uc022bpb.1,MIR3689A,1
1157,uc022bpc.1,MIR3689C,0
1158,uc022bpd.1,MIR3689D1,0
1159,uc022bpe.1,MIR3689B,0
1160,uc022bpf.1,MIR3689D2,0
1161,uc022bph.1,MIR3689F,1
1162,uc004cfg.1,FCN2,29
1163,uc004cfi.3,FCN1,44
1164,uc004cfl.4,OLFM1,28
1165,uc031tfm.1,LOC401557,27
1166,uc004cfo.3,C9orf62,26
1167,uc004cfp.4,LOC100506599,1
1168,uc004cfq.2,AK096249,1
1169,uc004cfr.1,PPP1R26,43
1170,uc004cft.1,C9orf116,19
1171,uc004cfv.5,MRPS2,36
1172,uc004cfy.3,BC015688,35
1173,uc022bpk.1,LCN1,22
1174,uc004cgb.3,OBP2A,27
1175,uc004cgd.1,PAEP,44
1176,uc004cgh.1,LOC100130954,1
1177,uc010nbd.1,GLT6D1,41
1178,uc004cgk.2,LCN9,44
1179,uc010nbe.3,SOHLH1,18
1180,uc004cgm.2,BC101937,7
1181,uc011mdq.2,KCNT1,19
1182,uc004cgr.4,CAMSAP1,55
1183,uc004cgt.3,UBAC1,38
1184,uc004cgv.4,NACC2,11
1185,uc004cgx.5,C9orf69,9
1186,uc022bpl.1,RBSG2,2
1187,uc004cgz.3,LHX3,10
1188,uc010nbi.2,QSOX2,31
1189,uc011mdt.1,DKFZP434A062,1
1190,uc004chd.2,GPSM1,10
1191,uc004chf.2,DNLZ,20
1192,uc004chg.3,CARD9,25
1193,uc004chh.3,SNAPC4,33
1194,uc004chi.3,SDCCAG3,27
1195,uc004chl.3,PMPCA,33
1196,uc004cho.3,INPP5E,18
1197,uc004chx.3,SEC16A,48
1198,uc004chy.3,C9orf163,25
1199,uc004chz.3,NOTCH1,21
1200,uc022bpq.1,MIR4673,57
1201,uc022bpr.1,MIR4674,0
1202,uc004cib.1,AX747706,2
1203,uc004cic.3,AF161442,1
1204,uc004cih.3,EGFL7,16
1205,uc022bps.1,MIR126,23
1206,uc004cii.1,AGPAT2,18
1207,uc004cik.3,FAM69B,17
1208,uc004cim.2,SNHG7,21
1209,uc011meb.2,SNHG7,22
1210,uc004civ.3,LCN10,16
1211,uc004ciy.2,LCN6,26
1212,uc004ciz.1,LOC100128593,18
1213,uc004cjb.1,LCN8,41
1214,uc004cjd.3,LCN15,21
1215,uc004cje.4,TMEM141,29
1216,uc004cjf.3,KIAA1984,26
1217,uc004cjg.1,KIAA1984-AS1,21
1218,uc004cjj.1,RABL6,29
1219,uc022bpu.1,MIR4292,0
1220,uc011meh.2,C9orf172,10
1221,uc004cjq.4,PHPT1,39
1222,uc004cjs.3,MAMDC4,25
1223,uc004cjt.1,EDF1,30
1224,uc004cjv.3,TRAF2,21
1225,uc022bpw.1,MIR4479,0
1226,uc004cjw.3,BC034456,1
1227,uc004cjx.3,FBXW5,15
1228,uc004cka.2,C8G,12
1229,uc004ckb.3,LCN12,14
1230,uc004cke.3,PTGDS,31
1231,uc004ckh.1,LCNL1,25
1232,uc004cki.3,C9orf142,30
1233,uc004ckj.1,CLIC3,19
1234,uc022bpy.1,ABCA2,18
1235,uc004ckp.1,C9orf139,35
1236,uc004ckq.2,FUT7,30
1237,uc004ckt.2,NPDC1,10
1238,uc004ckw.2,ENTPD2,95
1239,uc011men.2,SAPCD2,23
1240,uc010ncb.3,UAP1L1,31
1241,uc004clb.3,LOC100289341,2
1242,uc004cld.3,MAN1B1,101
1243,uc004clh.3,DPP7,17
1244,uc004cln.3,GRIN1,30
1245,uc004clp.2,LRRC26,5
1246,uc022bqc.1,MIR3621,6
1247,uc004clr.1,ANAPC2,27
1248,uc004cls.2,SSNA1,13
1249,uc004clu.3,TPRN,20
1250,uc004clv.3,TMEM203,19
1251,uc004clx.3,NDOR1,37
1252,uc004clz.2,RNF208,6
1253,uc004cma.1,AK128153,12
1254,uc004cmb.3,C9orf169,14
1255,uc022bqe.1,RNF224,4
1256,uc004cmf.1,SLC34A3,27
1257,uc004cmh.1,TUBB4B,72
1258,uc031tfw.1,TUBB2C,90
1259,uc004cmi.1,FAM166A,32
1260,uc022bqg.1,LOC100129722,29
1261,uc004cmk.2,C9orf173,29
1262,uc004cmm.4,NELFB,23
1263,uc004cmn.3,TOR4A,6
1264,uc004cmo.2,NRARP,10
1265,uc004cmp.2,EXD3,11
1266,uc004cmu.3,NOXA1,24
1267,uc004cmw.3,ENTPD8,19
1268,uc004cna.3,NSMF,37
1269,uc010ncj.1,PNPLA7,24
1270,uc004cnh.4,MRPL41,16
1271,uc004cnk.1,WDR85,47
1272,uc031tfx.1,WDR85,51
1273,uc004cno.1,ZMYND19,43
1274,uc004cns.3,ARRDC1,44
1275,uc004cnz.3,C9orf37,21
1276,uc011mfc.2,EHMT1,31
1277,uc010nco.3,FLJ40292,3
1278,uc022bqm.1,MIR602,50
1279,uc004cof.1,AK128414,31
1280,uc004cog.3,CACNA1B,37
1281,uc010ncq.3,TUBBP5,69
1282,uc011mfe.1,FAM157B,18
1283,uc011mff.2,DQ577244,8
1284,uc004coq.4,DQ582201,149
1285,uc022bqo.2,JB137816,185
1286,uc004cor.1,DQ582265,142
1287,uc004cos.5,TVAS5,157
1288,uc022bqp.1,JA429830,190
1289,uc022bqq.1,JA429831,167
